seg_id,time_to_failure
seg_00030f,1.987684066797623
seg_0012b5,1.7075639041723276
seg_00184e,2.033272534343119
seg_003339,1.6541769206773387
seg_0042cc,1.9689357779265846
seg_004314,1.8824336751795379
seg_004cd2,2.067405432524514
seg_004ee5,1.7044432703983938
seg_004f1f,1.1764578436413022
seg_00648a,1.4336759220744089
seg_006e4a,1.6447698081064224
seg_007a37,1.5632498045817282
seg_00a37e,1.5311147620912269
seg_00be11,1.3088006144038387
seg_00c35b,2.1373314141332256
seg_00cc91,1.6369941989587153
seg_00e5f7,1.6301902850390015
seg_00f3b9,1.2374449212849739
seg_010eab,1.5967737209240427
seg_0125d9,1.7590727983607903
seg_0144cb,1.9041085222494836
seg_0165c6,2.2988762720557454
seg_016913,2.130928089053942
seg_016cdb,1.4258673305087952
seg_017314,2.0541664686590084
seg_01a8dc,1.6037320667642254
seg_01c775,1.892059164789669
seg_01ecb0,1.737940543786144
seg_02042f,1.3819416971544927
seg_025e78,1.764937612230822
seg_032822,1.7723534219025578
seg_0339ca,1.2209187212866233
seg_037461,1.2421501073928098
seg_038879,1.7789521994347146
seg_03d386,2.015278276047473
seg_03d63e,1.4741956042959286
seg_03d680,1.839043232991929
seg_03f380,1.2300873226161144
seg_0445d7,1.8545552218662755
seg_046c28,1.6719602536190432
seg_0488a1,2.0654958691311807
seg_049957,1.778504213531372
seg_04a696,1.496906670865901
seg_04ae38,1.453267866010757
seg_04b87a,1.570359841703746
seg_04cceb,2.2476269655368295
seg_04ee93,1.7824517714756825
seg_04fd93,1.4805737072491798
seg_0536c9,1.4457230020615737
seg_055127,1.6739496786344492
seg_05a1b0,1.5835595568734477
seg_05a4ad,1.8402906643850236
seg_05b66a,1.7037074820811453
seg_05bef4,1.2586873151700793
seg_05e0d7,1.5810030139037732
seg_05f126,1.4809364772427975
seg_05f9d6,2.3672720951773174
seg_060ce4,1.4221711147770395
seg_061a33,2.290771817954556
seg_0620e6,2.174549640979013
seg_063865,2.428825302846873
seg_065588,1.0237742538822256
seg_06893f,1.4342130021808097
seg_06b8c9,1.288263520606403
seg_06bbc5,1.7258619274321674
seg_06d4a2,1.7875556326598399
seg_06d7ba,1.6578383749453185
seg_070bb0,2.035483650533272
seg_071067,1.6965944683765455
seg_073696,1.7247552467927763
seg_075340,2.129225898653902
seg_075f77,1.2515462264510693
seg_0775a7,1.404713169381743
seg_077b7e,1.5981011404154906
seg_079e34,1.5841279681692546
seg_07c815,1.8167707461617564
seg_07cd72,2.001866688675121
seg_07f37c,1.1814127329579076
seg_07f8df,1.7947916509971331
seg_07fc6d,2.0213521268534453
seg_086a61,1.9241189963004919
seg_0870ab,1.4611930576209184
seg_0879a8,2.3267766658152125
seg_08b136,2.3579887221536167
seg_08f441,1.3594289870897756
seg_08fd5b,1.6617686934374314
seg_091c9d,1.585474288144849
seg_093a0a,1.9148237489826812
seg_0968f1,1.8595683163041865
seg_0981f3,1.4767348358573709
seg_09dd59,1.6644410769011537
seg_09ed4e,1.8970841110460075
seg_09f0ff,1.8445897174761994
seg_0a0fbb,2.3351000600105007
seg_0a1bd0,1.9339766296335825
seg_0a42ba,1.7169711595357295
seg_0a45a1,1.6243149130295196
seg_0a97c4,1.8478041398938214
seg_0aa0fb,1.544563501232961
seg_0b07c7,1.7444749286912653
seg_0b082e,2.1182616401098273
seg_0b32f7,1.439264128597019
seg_0b3b94,1.522115050329213
seg_0b48c4,2.024779249722241
seg_0b4b24,1.438205473648324
seg_0b54ac,1.1856704755407912
seg_0b76f5,2.075512565762993
seg_0b9ad8,1.9772330240319977
seg_0b9ba3,2.003437774931867
seg_0ba210,1.8948581057502356
seg_0ba585,1.5591260593968397
seg_0bb5fd,2.1024492464018074
seg_0bc877,1.7853301960692523
seg_0be6ee,1.2186423924630023
seg_0c12cc,1.842609191758763
seg_0c1d3a,1.308004482250543
seg_0c247b,1.8505739580817522
seg_0c3943,1.413322491915959
seg_0c4e31,1.7301490008524056
seg_0c74cf,1.6597665532967296
seg_0c8502,1.9166392229192422
seg_0c89ce,1.9981320667405678
seg_0c9aa8,1.8396764842887285
seg_0cb81b,1.1989959345624712
seg_0cca14,2.0663515719155665
seg_0cdcc8,1.68467091077342
seg_0cf651,1.7242210345452653
seg_0d0250,1.5201555307426382
seg_0d04b9,1.7265946203763565
seg_0d13a7,1.620567738689246
seg_0d434c,2.0116674072200187
seg_0d540e,1.8308321336884945
seg_0d663a,1.4626901786208786
seg_0d6d68,1.2896080452509306
seg_0d762e,1.8022361985479192
seg_0d833c,1.504821852749085
seg_0dae4b,1.7363486344145453
seg_0dc38f,1.924181079834989
seg_0dcc40,1.798065654508277
seg_0df469,1.4722600924218958
seg_0df75c,1.8604938458176683
seg_0dfe8c,0.9831238743478355
seg_0e1370,1.5176149989819248
seg_0e1fbe,1.4214594737039015
seg_0e3739,1.4393629244305042
seg_0e3d44,1.8106434089651637
seg_0e3ed2,1.5543235146835341
seg_0e4833,2.1051374258954336
seg_0e7cc5,2.320732066632872
seg_0e8b79,1.5558944103747003
seg_0e9987,2.140679604394245
seg_0e9bb3,1.9550487341570981
seg_0eb333,1.5419499990034562
seg_0ebfd9,1.3835060319985366
seg_0f565c,1.372584010732063
seg_0f74a3,1.9947463148584075
seg_0f8961,1.5998640334953398
seg_0fc67a,1.505700113949199
seg_0fca83,2.052245958797095
seg_0fd3ff,1.35884951116889
seg_1010ad,2.1424558954037987
seg_103b32,1.2563945741640459
seg_105cd9,1.8025981091950627
seg_1084af,2.3189675429660745
seg_10a595,1.9340812239956706
seg_10c09d,1.9581392357868128
seg_10f3a6,2.0539929148010114
seg_112b81,2.2040201220706948
seg_1144bc,1.7800475463849936
seg_114b79,1.434366340664804
seg_115617,1.381397133804969
seg_115a92,1.250493955923089
seg_11647f,1.8415193546812776
seg_117278,1.8441948855098695
seg_117ff4,1.4620922838765127
seg_11860f,1.5429823462872578
seg_1201e8,1.8467672715891508
seg_121446,1.8552519117999617
seg_121cba,1.429977621149805
seg_122ba9,1.6199626691899387
seg_123dd4,1.6937196863275394
seg_12ac20,1.9459856267568871
seg_12b9ba,1.7234069773660732
seg_12ee6e,1.437259774161979
seg_130e17,1.6468421042980599
seg_13468a,1.7061836518971636
seg_136285,2.15446158855777
seg_136695,1.6284231772823055
seg_137f8a,1.5172548352713124
seg_138807,1.630360833590941
seg_13c2f0,1.4037914245990235
seg_13e25f,1.982549369556733
seg_140bc5,1.8437968002313903
seg_141f34,2.0169986073235933
seg_146926,2.216598530474922
seg_148698,2.376379370584261
seg_14ad27,1.9011088921283439
seg_14c054,1.9731386407508809
seg_14c371,1.7223650490878
seg_14c435,1.5697112993083744
seg_14c89d,1.409815688107371
seg_14c8ce,1.7713729803207445
seg_14d1d3,1.3663239177859192
seg_14f5f0,2.311119214740908
seg_151368,1.86809253146913
seg_151d92,1.5285990421478506
seg_153d6a,1.5675482080553476
seg_154361,2.2880089756673767
seg_1562cb,1.5580427812793807
seg_158691,1.780435154914617
seg_158764,2.2888080338634595
seg_15adff,1.6054891524545756
seg_15bf25,1.819210472938874
seg_15c9f9,1.6926265725486225
seg_161aeb,1.7631925811087117
seg_161f5f,1.6641005271866285
seg_162fc4,1.7158456730220935
seg_16566c,1.4279269711955336
seg_166f70,1.614879292857394
seg_168d1c,1.4913905627369046
seg_16a270,1.614082363027785
seg_16c3a7,1.8478500434837493
seg_17067e,2.262688639372283
seg_170684,1.7152504665825064
seg_170a0c,1.5494293263882954
seg_176542,2.1390085970822237
seg_17799c,1.56500569766787
seg_179d90,1.3467142952120308
seg_17adc0,1.4140044235778182
seg_17d1ff,1.3771970876294082
seg_17e596,1.7536791636195332
seg_180481,1.4131729686610484
seg_18096a,1.7191110879794502
seg_1815fe,2.548466761764985
seg_1827c5,1.733768575769181
seg_184222,1.5404479182246007
seg_185ad6,2.2842673932400053
seg_18d1d0,1.5309927045089273
seg_18d307,1.5901097387130125
seg_18f633,1.4646695196313408
seg_18f853,1.624375260281896
seg_18fb65,1.9798389135270253
seg_193404,1.7413950639957714
seg_19515c,1.4865572769406374
seg_195eda,1.54175078891899
seg_1969c8,1.7614185077962965
seg_19b08e,1.256839861257381
seg_19b9dd,1.6875056004521953
seg_19e1ff,2.128510065392403
seg_19ec5c,2.3340313233395453
seg_1a0e94,1.6171098578239351
seg_1a0eca,1.7800710328381966
seg_1a671a,1.6839411191214992
seg_1a791c,1.3828995698306328
seg_1a8e06,1.6988201633664697
seg_1a8f0d,1.396722500355613
seg_1a8f2c,1.77920171948994
seg_1abcaf,2.082191481739863
seg_1ac9e2,1.5739641947921699
seg_1ae362,2.103082437544963
seg_1afa29,1.344503666080442
seg_1b08a4,1.7232542807748374
seg_1b1ad8,1.415052235277018
seg_1b2298,2.170834841761238
seg_1b78af,2.242379909616881
seg_1baf33,1.1669909037103263
seg_1bd38e,2.46433900704306
seg_1bf7b3,1.3218110462124504
seg_1c401b,1.5511113386650583
seg_1c4c5b,1.4803107623275542
seg_1c4e72,1.8660262803855692
seg_1c849d,1.4240218408642011
seg_1c904f,1.4692340617020683
seg_1c929e,1.7162459102668253
seg_1cb942,1.541347378857265
seg_1cd352,2.2505782008677575
seg_1cf1b5,1.524449921584777
seg_1d044c,1.9549052963387046
seg_1d11e5,1.5605851620992675
seg_1d596d,1.729816248026903
seg_1d980f,1.5421420807863346
seg_1da819,1.388849618957358
seg_1db443,1.3030391504827337
seg_1db8e8,2.1061240664129484
seg_1dec9c,1.5693132411255433
seg_1e0523,1.2067510612496775
seg_1e0b82,1.811503359460826
seg_1e572b,1.8543918970241167
seg_1e617a,1.2307956009704208
seg_1e61d6,1.4237613453657194
seg_1e677e,1.7442124770690046
seg_1eae76,2.2538385050237397
seg_1ebe6b,1.7818265012660985
seg_1ece48,2.016734525626863
seg_1eeb8f,1.293936889167773
seg_1ef708,1.1714177548522475
seg_1f1e60,1.6236860366229164
seg_1f3d44,2.2483135530763376
seg_1f3ede,1.5751775443443585
seg_1f5240,1.438330980750821
seg_1f7cf8,1.6007002138718067
seg_1f9aed,1.6796125920874077
seg_1fa983,1.5788237517978407
seg_1fc7ab,2.003712494198155
seg_1fe311,2.1392025932837804
seg_2005a7,1.4413459770304535
seg_2018c8,1.6059566880466898
seg_204dc6,1.5371419159726543
seg_208ba5,2.2078747842282223
seg_2099f4,2.182408286845904
seg_20a990,1.1857148524768317
seg_20b8d0,1.753716592386286
seg_20cbac,1.6184965609509923
seg_20cc25,1.8942775593932124
seg_20d9de,2.63815397116228
seg_20e9ad,1.0234592765670745
seg_210388,1.4441656916467243
seg_211299,1.6888699304376082
seg_211486,1.8448081979126687
seg_214492,2.050452060993903
seg_217eed,1.9314520132762283
seg_218049,1.6114865272927523
seg_21eebb,1.3858061674597475
seg_21faa9,2.1038887847839534
seg_222c5f,1.129448758575868
seg_225320,2.069840182425954
seg_226e60,1.9604915416751103
seg_229eda,1.7616706727012867
seg_22e509,1.6338424296418377
seg_2313d1,2.044992412274993
seg_232559,2.0424177484971953
seg_23323e,1.982382198522676
seg_2367fb,2.6621167877349112
seg_238242,1.6884329627908474
seg_2383c2,1.9864939994397075
seg_2396a2,0.981593480499815
seg_23b123,1.8395878186992103
seg_23bdf9,1.4857603014259095
seg_23c947,1.547917966460543
seg_23efb0,2.0114235021095976
seg_23f823,1.8489503252599135
seg_23fe27,1.900234717190791
seg_241266,1.763795180763795
seg_24157a,1.4999245159996046
seg_24458d,1.7861779396631676
seg_2465ce,1.545437622245197
seg_247262,1.8284596792071055
seg_24ba8d,1.6863733341712592
seg_24c078,1.7063663161093872
seg_24c1c9,1.3438981209475278
seg_24e071,1.9446894098030976
seg_24f338,1.5737948134798472
seg_257b8a,2.0770473003321333
seg_2597af,1.265507257394802
seg_259c63,1.071854937671378
seg_259d65,1.0815410824390261
seg_259dd3,1.886159186934116
seg_25aa9f,1.6906530783059543
seg_25ab3f,1.8057349109061425
seg_25b38a,1.8233193621500967
seg_25c8dc,1.4041639394800245
seg_25cca7,1.556533262610546
seg_25e76d,1.3463503892867215
seg_26049e,2.40944810228445
seg_263deb,1.6033694725048833
seg_263fb3,1.539946688365496
seg_2642d0,1.7568561982583897
seg_2642d4,1.6789795691150042
seg_264c7d,1.521565618164816
seg_266805,1.2174673432509262
seg_266c6e,1.6622467363119195
seg_266d4e,1.3504532752467109
seg_268249,1.3525464664226539
seg_268625,1.7083601455411206
seg_268956,1.4846394242917054
seg_26a2a0,1.9101229045031818
seg_26cba3,1.4847971824325414
seg_26edaa,2.0372027221801456
seg_2700bd,1.7428231038241635
seg_272a47,1.2715629173499534
seg_274a1a,2.0162922895619553
seg_2774c4,1.798168661346041
seg_279725,1.5325507297416832
seg_27a282,2.05373543573221
seg_27b7c8,2.4666987778134195
seg_27db4d,1.8174181859761256
seg_27de37,1.5503092567345604
seg_27f532,1.6975499491444959
seg_27ff17,1.6408748514659548
seg_280863,1.2890905539025603
seg_280e3b,1.1590661286726067
seg_284223,1.810992886173877
seg_284923,1.409681707343607
seg_287e60,1.114064449149655
seg_287fef,1.2530222448915787
seg_288001,1.8115780543504267
seg_2883ec,2.477215701196601
seg_289d99,1.7556700665368166
seg_28fc32,1.324616579753435
seg_29022f,1.2992985352343664
seg_2916e3,2.073838559890819
seg_293dbf,1.7755001009138986
seg_293dc2,1.1165716867299644
seg_29475f,1.4424269041132853
seg_295b1c,2.0555730349471935
seg_2977cd,1.4700905470108931
seg_29a073,1.2693755119507169
seg_29acb7,1.0641050086750292
seg_29c772,2.0501659321850587
seg_29c906,2.0562326211665534
seg_29d497,1.8872454029714971
seg_29d4c6,1.7110403419264377
seg_29e799,1.5746717841888518
seg_2a0ace,1.972147219650616
seg_2a0afc,1.9003346971993595
seg_2a0dc0,2.082713019128873
seg_2a2f1e,1.986033768397723
seg_2a4551,1.8519952853360833
seg_2a6343,1.9871171190071604
seg_2a8351,1.7411870233092939
seg_2aa101,1.3758101355018595
seg_2abd33,1.5006588813945099
seg_2b2cb3,1.8750512514901008
seg_2b372b,1.6783727577814895
seg_2b4959,1.662756138413827
seg_2b6d52,1.6993704952660238
seg_2ba79a,1.3594178078022487
seg_2bcbde,1.3334395081412338
seg_2be983,1.6504272625430327
seg_2bf5be,1.5050241287986457
seg_2bf9dd,1.4926327885616424
seg_2c3203,2.0609053715784444
seg_2c5e9f,1.840564170160984
seg_2c6011,1.4551025300795217
seg_2c69e4,1.4341498941083344
seg_2c762c,1.596172705065217
seg_2cac57,1.4023212109235228
seg_2cadc0,1.3633688563213755
seg_2cdbe3,1.4485406366942977
seg_2d3828,2.064120827798954
seg_2d402d,1.613279035498575
seg_2d427f,1.6089622850223892
seg_2d5544,1.8047523516949393
seg_2d7cc4,1.9486877565423975
seg_2d92f0,1.909243974620761
seg_2db7dc,1.3673130063639645
seg_2dc6ff,1.5776823521999843
seg_2dccec,1.5484487256466584
seg_2dcd3a,1.6577102312266299
seg_2dcd84,1.6210999509527828
seg_2dfb91,1.3399686613677373
seg_2e2372,1.4247073911081125
seg_2e50fb,1.8923707382061103
seg_2e64af,1.3739162932867386
seg_2e71dd,1.9488864867768163
seg_2e88dd,1.6421060757947366
seg_2e917f,1.6116529193224447
seg_2e9a47,1.5639369903760465
seg_2ea616,1.2434795789821649
seg_2eccb9,1.370481812373042
seg_2ece02,1.3458912726681835
seg_2ed79b,2.1788695292786473
seg_2eddf6,1.836338738283904
seg_2ee95c,1.6852161414045754
seg_2efd5c,1.8428012897346344
seg_2f1664,1.9170952437416835
seg_2f4f14,1.5081918762228246
seg_2f5695,1.8996701134535576
seg_2f60db,1.4707122036576081
seg_2f86cd,1.7171088095534817
seg_2f8e19,1.5969824470244511
seg_2f8f6d,1.7954584981902473
seg_2f9336,2.004650017055294
seg_2f9581,1.6586328058087012
seg_2fb672,2.0330040454438705
seg_2fe382,2.139903135035622
seg_301c1e,1.9511380336594022
seg_30207d,2.591977401529129
seg_304581,1.2966747259826115
seg_304b87,1.4593905834713823
seg_304df5,2.0558116270016207
seg_30501b,1.6172056998345203
seg_3065ba,1.544450478420402
seg_30661b,1.5669059687502407
seg_306756,1.983111543280232
seg_30ad2a,1.887434001183154
seg_30b043,1.331020587815725
seg_30da11,1.154276524270955
seg_30fd84,2.0333572467838197
seg_310230,1.6346908790814936
seg_31064b,1.7186582010503362
seg_311499,1.3412223831893701
seg_311b5e,1.140721454535977
seg_3128e6,1.7697017102870007
seg_3151ff,1.8248210026513394
seg_31631c,2.1029832291248516
seg_316f86,2.1130454236452283
seg_318135,1.3495644839509326
seg_31a51f,1.5729070738457998
seg_31a6cd,1.776416749793169
seg_31b808,2.0165991942461763
seg_31c0f4,2.088870212409505
seg_31d763,2.0080061335860306
seg_31d7bf,1.595694737393255
seg_31d810,1.7959742838529054
seg_31ddc5,1.5877862043244744
seg_3234ca,1.5331511364919577
seg_324447,1.7079364877453485
seg_324537,1.908047203075296
seg_325790,1.594212742330949
seg_326eb7,1.5703689517007113
seg_327ed4,1.3559955151908263
seg_32906d,1.8280103493951414
seg_32ad0f,1.8245558921789506
seg_32c904,1.8778439230141757
seg_32d747,1.4800393587385245
seg_32e763,1.3934855862321305
seg_32f3a9,2.132124558079865
seg_32f6df,1.8492837728112863
seg_32f72d,2.1487635291505387
seg_32fc4e,1.5339214316190328
seg_330579,1.693370512365169
seg_3319b5,1.8989577343461357
seg_331f2b,1.465837707051297
seg_3340b9,1.7044084723347521
seg_335170,1.2256906712357605
seg_337b8c,1.6946734712008298
seg_339f80,2.0853097122832516
seg_33c30d,1.6954141269154779
seg_342ce6,1.9646900077161196
seg_343571,2.13194128145917
seg_3452b2,1.3769332803662353
seg_34a2b8,2.017666693172921
seg_34a8f7,2.027266324195256
seg_34abd2,1.4861183796174324
seg_34ef79,1.2953007687529423
seg_3506d6,1.9142138202826118
seg_35269b,2.304271014807804
seg_355717,1.5075977082628191
seg_355d19,1.9870407581885146
seg_35a2d7,1.6041107825130945
seg_35b009,1.1794760951129513
seg_35b753,1.9046165143143559
seg_35ba8f,1.8182874391405845
seg_35c587,1.3564274625965216
seg_35dd45,1.7502733855068975
seg_35ee83,1.888050849363719
seg_36147d,1.9560652657667144
seg_361f5a,1.9597974023041964
seg_3631ec,1.769809051623022
seg_3661de,1.660991425700888
seg_369570,1.4882948277364374
seg_36b77f,2.456116132392601
seg_36e32d,1.3740810548888227
seg_3706be,2.0973550629530733
seg_373a04,1.3862251470136264
seg_373ba6,1.789970039537487
seg_37608b,1.6204177980053731
seg_3761d0,1.6662869232162687
seg_37669c,1.7151049795736188
seg_376908,2.190554634639482
seg_377134,1.1161746529575753
seg_3788c5,1.8182716332458004
seg_37bf85,1.4611458650537281
seg_37f3fb,2.3347917244487975
seg_38001b,1.363833564057992
seg_383b6b,1.5271894774250399
seg_383f2e,1.5386541335137334
seg_3865bc,1.541202417707202
seg_3878d0,1.1624173943222733
seg_389906,1.94442075831827
seg_38ad16,2.339234003379514
seg_38ee24,1.7327078898558224
seg_392019,1.5792346272943287
seg_39300d,1.9949552972710365
seg_395e0e,1.6565815996184012
seg_397983,1.6934904482186774
seg_397dc9,2.4436215326167394
seg_398a25,1.7726198925052703
seg_39a886,1.5556069087216498
seg_39ad50,1.5601261293661408
seg_3a1600,1.2180759958710552
seg_3a22ac,2.036471782450487
seg_3a80c5,1.9824731647358527
seg_3a8a76,1.7743424135736956
seg_3aca44,1.5307415318837676
seg_3adb1a,1.833597000792294
seg_3ae4d9,1.7701885896232583
seg_3af649,2.093796851466441
seg_3b2013,1.9850774568732394
seg_3b30fd,2.3865629979493725
seg_3b4414,1.2274225758640196
seg_3b7175,1.8330946016207492
seg_3b7724,1.781162971707708
seg_3b95d2,1.777699245161844
seg_3b95dc,1.1760589760207532
seg_3ba485,1.9097899161691247
seg_3bb90a,1.6928000360526665
seg_3bc9ed,1.6647551806649803
seg_3bd97e,1.8886341208999036
seg_3bf9ac,1.5181989413933512
seg_3bfcf6,1.2174491525165496
seg_3c3ddf,1.9234509728638232
seg_3c4106,1.8258328954005305
seg_3c64fb,2.049603431894639
seg_3c8545,1.2632479711403297
seg_3cba49,1.5088817968712191
seg_3cbccf,1.0574462648016523
seg_3ce740,1.7223872943412206
seg_3cfb73,1.929595354048057
seg_3d059a,2.1502588165993473
seg_3d06cc,1.400630271940379
seg_3d19fc,1.7358608368858641
seg_3d1cb3,1.9901874009196552
seg_3d1f2e,1.4220773188074152
seg_3d581c,2.056294397836278
seg_3d6aac,1.9557322292676667
seg_3d6e79,1.3707698243890425
seg_3d9aa0,1.576702753984132
seg_3db0a8,1.257324052655709
seg_3e00cd,1.8449893701592601
seg_3e55d5,1.6782927259128153
seg_3e87b4,1.6917039893571475
seg_3ec967,1.588869135710679
seg_3edf51,1.8159874786418626
seg_3f2086,1.725205081976485
seg_3f3689,1.9486806317967105
seg_3f3983,1.4604695973785806
seg_3f5be6,1.5245911973171808
seg_3f80ef,1.7684840357665474
seg_3f99c8,1.4578805617591222
seg_3fb24b,1.2203549914737593
seg_3fc7ca,1.635991471954354
seg_3fdae0,2.227988593294397
seg_407b2b,1.3826654899911377
seg_40b3aa,1.7499144384454208
seg_40f810,1.6329119359462336
seg_411225,1.1971546115836724
seg_414d0f,1.9249990163511854
seg_4185b3,1.6733891820957294
seg_419531,1.9427841464617228
seg_419b2a,1.6188214856370722
seg_41a267,1.9846668640130782
seg_41aadc,1.8694017493214514
seg_41ab7e,1.35113432391161
seg_41be18,1.6029037124549266
seg_41be7d,2.056553932845407
seg_41f45e,1.8126630707139395
seg_420bcc,1.6028037579493124
seg_420d4e,1.6880212368679257
seg_421a96,2.1355952941281755
seg_421da1,1.5956164959939048
seg_423ebe,1.3129245374377359
seg_425462,1.2473263338355574
seg_42648c,1.1298603889348415
seg_4280d9,1.8212429777097168
seg_428d66,1.2072570779857814
seg_42c4c9,1.781184901448904
seg_42e7e8,1.7450123747051762
seg_42ff14,2.430179500683732
seg_430e66,1.9782656206290314
seg_43383f,1.84876500431425
seg_434c96,1.977387491259332
seg_43597f,1.599289734192467
seg_43c6f4,2.2313451118342758
seg_440106,1.3842158913935176
seg_4401d8,2.148496714923026
seg_441c6d,2.1925355404760216
seg_4435bd,2.030492850725543
seg_447972,1.2644166603199047
seg_447b8b,1.7006885618743202
seg_447cb3,1.4697245770565441
seg_44d3ca,1.8016463113969245
seg_455b16,1.28028220002468
seg_456149,1.7231990389111145
seg_457234,2.1122453344841
seg_45838b,1.540948506162153
seg_4587bb,2.181899496434455
seg_45a8a9,1.9040896137492007
seg_45b051,2.073251428441279
seg_45e062,1.5705313969740375
seg_45e4ed,1.2714812141788188
seg_45e7ad,1.6358248496303207
seg_46012e,1.6043354320615988
seg_460436,1.7736229156600434
seg_461ab5,1.7338764443619172
seg_461b63,1.2950387366248202
seg_462c1d,1.7433995531459332
seg_464839,1.5624656193925042
seg_468bc9,1.658759780803359
seg_468fdb,1.4806606530379933
seg_46a42b,1.5322941525748035
seg_46b84d,1.9524461188156303
seg_46c6d3,1.5272715331660014
seg_46dd7c,1.482961878209418
seg_4729a7,1.6601100984655348
seg_4743ab,1.720458158341951
seg_4743fa,2.049828039926645
seg_476700,1.3613421976517093
seg_476bdb,1.6590306245852733
seg_477c83,1.9685885419691371
seg_478327,1.8175091699579822
seg_47a48f,1.497498840141386
seg_47d374,1.1710914516138629
seg_47fed6,2.3091880890287775
seg_482745,2.0650800332825496
seg_4848e3,1.2058963347885396
seg_484901,1.691226595386745
seg_486973,1.4585730233711975
seg_48a4b3,2.3442301481930294
seg_48a80c,2.0054677501629286
seg_48b545,1.4938539419556691
seg_48feba,1.7493512176662835
seg_490092,2.3583351371927717
seg_490d6e,2.133721271959068
seg_492dc6,1.5805239467314482
seg_49322d,1.938448034341813
seg_49336f,1.2913020196443656
seg_495573,1.8490978465918286
seg_496d07,1.4715237358274016
seg_496dad,1.1741209100418066
seg_49b0cb,1.5819499166297029
seg_49d84b,1.6783817634460798
seg_49fdf0,1.7698354672203611
seg_4a2525,1.8228494943349995
seg_4a6096,1.407613880111263
seg_4a719c,1.8427536417252777
seg_4a91a9,1.7306697127562327
seg_4a9e6b,1.4181390239277116
seg_4a9e8d,2.2129949637535415
seg_4ab7bf,1.54701875852951
seg_4abc29,1.7299217087032082
seg_4acc4b,1.2990850430011687
seg_4ad5a2,1.7491706306937598
seg_4ad674,1.2398434920615313
seg_4adeda,2.1855941175814997
seg_4ae37c,1.9789949132867113
seg_4ae712,1.565633770669745
seg_4b0839,1.5074618232821093
seg_4b4c91,2.1020610988734747
seg_4b4ffb,2.0419528104520754
seg_4b8044,1.4189803452123886
seg_4b953a,1.6203049214382095
seg_4ba3d1,1.6447302569914735
seg_4c067a,2.165942426901315
seg_4c12b2,1.3996809951560363
seg_4c18e2,2.4002345340778284
seg_4c3a2b,2.40611438651778
seg_4c4995,2.1727482025129143
seg_4c65e6,1.8535350940118813
seg_4c8db6,2.3414401241245963
seg_4ca6de,1.7557469811912454
seg_4cb0d7,2.1624980212443776
seg_4cb9c6,1.2890281133224348
seg_4ce234,1.6071332655104
seg_4d0008,1.2389852622851956
seg_4d0041,1.5922539690677404
seg_4d0c45,1.5840189882745217
seg_4d18f4,1.5751819805233334
seg_4d2671,1.9717490454579356
seg_4d53c2,1.5596599607583639
seg_4d5a4a,1.9186098983120567
seg_4d7c56,1.8845845589577264
seg_4d8f0f,1.8073750650973097
seg_4db886,1.7286630869648762
seg_4db997,1.9334456544385175
seg_4dbbd1,1.3681038366970344
seg_4ddddc,2.076176485174474
seg_4dfa03,1.6611451946261004
seg_4e0c4a,1.7144196892460786
seg_4e2c66,1.8161868510310017
seg_4e3bd7,1.4814487394183056
seg_4e627b,1.9754468949728445
seg_4e9646,1.4330688624913768
seg_4ea3fa,1.9515139685029679
seg_4ea81c,1.7977416523763745
seg_4eb127,1.842393180353875
seg_4eeaef,1.6570163391898423
seg_4eef28,2.271142538957774
seg_4f48b4,2.0123535945566173
seg_4f5931,1.892988856930817
seg_4f76a2,1.3228251354265042
seg_4f83a3,1.5530283041220645
seg_4fa87d,1.6929117988865434
seg_4fce5b,1.5134525941351875
seg_4fd191,1.8038222023005157
seg_500108,1.679196289720086
seg_5009d9,1.1666007856941545
seg_500c80,2.138671714044585
seg_502fab,1.7691267689718555
seg_507065,1.3592191330973413
seg_5090fa,2.028150590287047
seg_509d55,1.6101195280558422
seg_50a667,1.7773053599736355
seg_50b048,1.1965883194000224
seg_50e270,2.3443135532147195
seg_511d25,1.5493630670326561
seg_512b3e,1.9359877802143464
seg_514543,1.5530502988731913
seg_5147e1,1.3897055035829537
seg_514b85,2.3108889769764933
seg_5165a4,1.868617284148314
seg_517345,1.728305034465224
seg_517425,1.8339457936718597
seg_51865e,1.968662805043289
seg_518b1e,1.8873576254508582
seg_51b68c,1.4831508529263173
seg_51f0a2,1.8917118506096233
seg_51f6fd,1.5954448142858029
seg_521a88,1.5676097855952031
seg_523945,1.8117858199318069
seg_524b39,1.3770480285894298
seg_5254ce,1.5399495965108367
seg_5255c0,1.8811643746021636
seg_52636c,1.9578432139406403
seg_529be4,1.4492082462216633
seg_529c99,1.7947761617311604
seg_52c139,1.3209466080690246
seg_530a02,2.3859533359045413
seg_53103b,1.2850005275000052
seg_5311d1,1.4444158681579753
seg_533613,1.8623521361734663
seg_53498a,1.6130357134231426
seg_53a557,1.4937705355915072
seg_53a5fd,1.8095403568013488
seg_53bdf5,2.462748739483373
seg_53caf1,1.9931613034695976
seg_53d818,1.8611133127160424
seg_53e645,1.486207504581909
seg_53fa13,1.866677167708089
seg_5407b0,1.6934298502663585
seg_5445bc,1.2896243670036482
seg_54490e,2.052531405007234
seg_545fda,1.8084421329429907
seg_5467c8,2.0812533613060666
seg_546864,2.441164112706668
seg_5470ca,1.4756347748465353
seg_5495ca,1.062701236467745
seg_54af0d,2.0316484045185357
seg_54b0ee,1.8938986238277342
seg_54d0f3,1.1788729005803638
seg_55239a,1.16928553257719
seg_552b8e,1.5271533540127369
seg_5559d9,1.2148507124169556
seg_555f63,1.4928479487659314
seg_5597ed,1.8764666876085072
seg_55a0c3,1.7488513130547765
seg_55a9a4,1.909350581712281
seg_55b566,1.8236469697680215
seg_55d50b,1.312468830304054
seg_561cf4,2.0907178134987094
seg_563059,1.4144876942186937
seg_5639b3,1.5641263798609244
seg_566efe,1.6035336740265371
seg_56e3e7,1.4128576357025073
seg_56e6f1,1.326697209689695
seg_56ebc7,1.4986257938066487
seg_570a20,1.7539559539472793
seg_570d69,1.5698465804345378
seg_572172,1.3496963391529642
seg_5759c9,1.806142013520435
seg_5765b6,1.9481044192032675
seg_578e84,1.5777367943725293
seg_57908c,1.604732949240761
seg_57b6c0,1.6659870751154238
seg_57dd68,1.8031789827282856
seg_57ea44,2.1150297069378126
seg_580b65,1.6094176956413861
seg_581fac,1.7392219499591064
seg_585872,1.8220607946804872
seg_586726,1.1684120738944384
seg_586c0f,1.6416084287352362
seg_5887a8,2.3051587789757138
seg_588f61,1.82934896348891
seg_58d52d,2.2384947610520474
seg_58e74b,1.8965976473041013
seg_58e9f9,1.5287506340313843
seg_58ea74,2.1938583206778657
seg_59058a,1.5653963321798452
seg_590fa5,1.7307178341234184
seg_591954,1.6917040795945737
seg_5924f5,1.7480940513708778
seg_592807,2.070684293043253
seg_593c34,1.6631036893528461
seg_5965d8,1.351126396398399
seg_596ae3,1.8061335657642001
seg_5975f4,1.3981404046341241
seg_597bd6,2.191282123134011
seg_59818b,1.8030196340900557
seg_59cd7d,1.5983329614216002
seg_59cfdb,1.6421359310611656
seg_59d484,1.6824782067594724
seg_59de0b,1.199237555126542
seg_59e1db,1.958194751855193
seg_59eb97,1.5957156232850336
seg_5a0479,1.941086615903189
seg_5a1adb,2.0825349987346518
seg_5a242e,1.5788227285762884
seg_5a67b5,1.8047869929133054
seg_5a947e,1.8322823349987258
seg_5abfdd,1.533311285925738
seg_5ad847,1.432972253758218
seg_5b392b,1.6337158728168046
seg_5b7325,1.5132362994045478
seg_5b8c39,1.7761976942765347
seg_5bc0b0,1.4318314717495695
seg_5bd9ae,1.9090585503693929
seg_5bdb47,1.184177201472609
seg_5bfbf0,1.5634148998187625
seg_5c0929,1.635756416489966
seg_5c1a4d,1.9597205062321288
seg_5c530f,1.3439574854305825
seg_5c57a8,1.8230651043676298
seg_5c8ae5,1.9697808749354357
seg_5c9077,1.9793264685759575
seg_5cd98b,1.5164207300585872
seg_5cde88,1.2582814235603306
seg_5cfba9,1.5218234446880528
seg_5cfdc4,2.4151728572452753
seg_5d333e,2.1816936589554032
seg_5d45db,1.6274941871676158
seg_5d92af,1.7011212138673892
seg_5d94b2,1.737418374471053
seg_5e020f,1.542428580808429
seg_5e0902,1.7238780711199628
seg_5e1bba,1.5802411370405773
seg_5e541f,1.584782722836172
seg_5e635a,1.828244330405432
seg_5e668a,1.9563731127123865
seg_5e70a7,1.7157964366986165
seg_5e7abf,1.2726494538743138
seg_5e8ef4,2.0373293482533
seg_5eb380,1.9301887847540378
seg_5ec0e3,1.76836413891633
seg_5ed47e,1.4980097924105722
seg_5ef47e,2.0153631213763425
seg_5f0a92,1.6430867067329202
seg_5f24d3,2.103382418915428
seg_5f352e,2.0110659942648
seg_5f355e,1.677550482856821
seg_5f46a5,2.049644491481322
seg_5f7fd9,1.439203508441786
seg_5fe414,1.4820038710961771
seg_60277f,1.8000572594362985
seg_6074f9,1.9264232382487398
seg_607559,1.7855599825016633
seg_60ab20,1.6728169140790707
seg_60b696,1.9470219521741874
seg_60dacd,2.063745668660704
seg_60df2a,1.617153798156501
seg_610379,1.136709651779393
seg_61219c,1.5605275909752638
seg_613702,2.0845346856018034
seg_614b50,1.2130627923294954
seg_6153ca,1.5527171151762515
seg_6167f0,1.6353802338873327
seg_616c8b,1.4407010967519893
seg_61b50d,1.757318008283254
seg_61f504,1.7403862407932453
seg_620ee4,1.3401771602685169
seg_622e9d,2.167513935947553
seg_62331a,1.9005461512461528
seg_6262c4,2.227454197090955
seg_629822,1.3435702363411257
seg_62a403,1.5878029830466236
seg_62c582,1.7902030438608159
seg_63130f,1.7339279128402907
seg_633651,1.9228068440631194
seg_634180,1.2701139565345136
seg_634f05,1.9755786004334204
seg_635770,2.0389014885480696
seg_63582a,1.7765363719943164
seg_63c13d,1.83556358635393
seg_63c518,1.7883291632019682
seg_63c8e4,1.5778587277330374
seg_63c983,1.9319594955374861
seg_63c9a3,1.3323951402879577
seg_63d651,1.2142197568060402
seg_6422d1,1.636664659966323
seg_643d1f,1.6656111054229827
seg_643f86,1.745625651753536
seg_64bcb9,1.928191552414776
seg_64be5d,1.7058244383698047
seg_64be91,2.2803680443591334
seg_64daae,1.5550359280857469
seg_64dcf0,1.528107414189742
seg_64f8dc,1.7566931492216598
seg_650de2,1.6414238270739805
seg_651808,1.232362990907273
seg_652cc2,1.8167096909516833
seg_655780,1.542093847861188
seg_655ad6,1.390060458106179
seg_655cae,1.4764636684122443
seg_658bf4,1.7611671246151035
seg_659ff8,1.3886946393836037
seg_65b962,1.5193752512203238
seg_65c4e1,1.9485116796947528
seg_65ef95,1.637938842277487
seg_65f01e,1.59138579273438
seg_65fbac,2.2098291256547684
seg_660fe1,1.179293915348565
seg_660fef,1.4547813977644837
seg_661629,1.477548146480868
seg_666056,1.446083361281544
seg_6681ee,2.044049313120482
seg_66820a,1.3269932015950168
seg_6696d0,1.5094956359253038
seg_66b7c3,1.8853390882010879
seg_66e45a,1.859873043139781
seg_66ed4d,1.9203289999987243
seg_670bde,1.4762166477138645
seg_67330f,1.1838489295736592
seg_673c60,1.254862056616215
seg_67599b,1.8734885292248724
seg_679dd2,1.5887040906546548
seg_67aa76,1.874752760424606
seg_68102c,1.7648587231747053
seg_683ddf,1.5219721719589152
seg_686edc,1.7759284729271199
seg_687a5c,1.58798341330573
seg_68a484,1.8361849432095982
seg_68da94,1.706547043607205
seg_691a72,1.8027273135293602
seg_692e7a,1.8795681190106324
seg_6951e0,1.566271571320005
seg_695380,1.2629564587072004
seg_696621,1.5939604371349252
seg_6968c8,1.3111667347369922
seg_69787a,1.4242515123247945
seg_69a230,1.394124622255069
seg_69a53e,1.7491322547905543
seg_69dbad,1.542526487092742
seg_6a05e7,1.3434533489910334
seg_6a116b,1.4356956616650272
seg_6a26de,1.8061223820938985
seg_6a45a0,1.5761697990759092
seg_6a4ad1,2.4057499341142328
seg_6ab188,1.8537844751893429
seg_6ac67a,1.2089605086126332
seg_6ac82a,1.7936664289540818
seg_6ae32d,1.9422348783626688
seg_6b0107,1.6480297169473217
seg_6b2ce0,1.3616791511489286
seg_6b3a9d,1.6033291416680584
seg_6b4e04,1.5165780242070888
seg_6b536d,1.4941422100119464
seg_6b9511,1.7840831204034089
seg_6b9d02,1.5109102782505994
seg_6be48e,1.9167308730812327
seg_6c292b,2.1155732303904813
seg_6c309f,1.5127272069160562
seg_6c34c2,1.7206767961617053
seg_6c8a45,1.450308106393039
seg_6c909f,1.2575705509829387
seg_6cfb76,1.4940256492603763
seg_6d01a3,1.795236239367946
seg_6d35cd,1.4342340688581041
seg_6d36a1,1.5915011979324818
seg_6d4109,2.325048433544772
seg_6d4fa6,1.8888047587787398
seg_6d6fad,1.4608433306048783
seg_6da1ff,1.759688356807027
seg_6dac5d,1.9486869750963274
seg_6dd0fc,1.7955224383565238
seg_6de4fd,1.6181985147446174
seg_6de935,2.4007393597546347
seg_6df48e,1.7596225004582864
seg_6dfab7,1.2927938315630136
seg_6e12ae,1.6230854085688722
seg_6e12ee,1.7081299756912673
seg_6e1ee7,2.2946354076428204
seg_6e572a,1.62014445680768
seg_6e5a38,1.9752121685393806
seg_6e7f73,2.205199684952747
seg_6e98aa,1.5504471403892786
seg_6eb146,1.4911340102622308
seg_6ed49a,2.0806882161026743
seg_6edcb8,1.9173853592713486
seg_6eedcc,1.5835931019864637
seg_6f17de,1.8230331487148115
seg_6f2222,1.5382030542047893
seg_6f3d90,1.8393228175015404
seg_6f60b2,1.7441434691498032
seg_6f650f,1.5329531830914882
seg_6f9a98,1.4939253240231534
seg_6fb17f,1.6954730430572407
seg_6fc3ef,1.7692430375282053
seg_6fc8b3,1.4375837448803348
seg_6fd5bb,1.5779431685061367
seg_7012af,1.4326125203446551
seg_7020c5,1.5920856004967816
seg_702e03,1.215841258420557
seg_703cea,2.1230525952305346
seg_705463,1.8459499460369164
seg_708349,1.9099341722686023
seg_70991d,1.6796023117022183
seg_709b6a,2.150507127650754
seg_709d08,1.5522433397510222
seg_70a60e,1.7112675089550473
seg_70b375,2.0280857114702595
seg_70be4d,1.9033993919740135
seg_70e891,1.6198222318963522
seg_70edf5,1.9667745650679769
seg_70fb30,1.8255679362745134
seg_7120ac,1.5960155685601527
seg_71238c,1.8119615615721671
seg_71348a,1.6147754525084732
seg_715e2c,1.970307092976439
seg_715ff6,1.8806131383844982
seg_7189ca,1.8207751646091683
seg_718b53,1.5606790229791265
seg_71936f,1.0882855088931087
seg_71b4e0,1.6983368523015057
seg_71b975,1.6261918311778425
seg_71c9e9,1.5582174747045259
seg_71f571,1.8119776933841805
seg_7211f1,2.1068575960908467
seg_724df9,1.5687773875971276
seg_725772,2.0864560084001913
seg_725e84,1.750587424934886
seg_727fc7,1.3379950765744892
seg_72858d,1.9182621369024009
seg_72859b,1.4636186336746073
seg_72aba8,1.5445401761767439
seg_72b68c,1.4871822033723086
seg_72c307,2.131438195124798
seg_72ebda,1.6435149064066201
seg_72f40a,1.4641535711380893
seg_730ebe,1.4848950304715247
seg_734a88,1.8643283107475357
seg_73565e,1.5971755910922292
seg_735cdd,2.0517693635712835
seg_73858d,2.087703848862255
seg_738be6,1.733276994123752
seg_739643,2.0744508418792593
seg_739679,1.5220617844758924
seg_739856,1.7325540836168816
seg_739fb0,1.6358229787240193
seg_73ab4a,1.8683951898085693
seg_73b0f7,2.4947941810642837
seg_740837,1.3338544177085838
seg_741fc1,1.612729522711709
seg_74235f,2.2163506511211426
seg_7428e7,1.599782640592217
seg_743775,1.7829662716118073
seg_74537f,1.3735908579526386
seg_746d1d,1.786256326649184
seg_7480f4,1.8122196522586507
seg_74b264,1.9734000350798824
seg_74b3bd,1.558434727491513
seg_74ce61,1.7639120604448388
seg_74d58a,2.3699136540047983
seg_74d8cc,2.3008101155135448
seg_74dda9,2.3076868504659753
seg_74f330,1.5819991749896187
seg_74fcfc,1.8913620601165058
seg_74ffde,2.2161518613444793
seg_750244,2.1800985755348385
seg_750c93,1.4870605852591126
seg_750d20,1.9587802550142592
seg_750e7e,1.60641254024386
seg_75211e,2.0855025405705825
seg_753190,1.7096151459972238
seg_753ba6,1.4753926466404157
seg_7540f3,2.034827577393503
seg_75438e,1.1719683236716945
seg_755d50,0.9800296202644493
seg_75654d,1.845460800348885
seg_758374,1.8664292034450791
seg_758ca4,1.6643516995113108
seg_759fb1,1.6236139397024192
seg_75a878,2.003185344290194
seg_75c34b,1.5041207629087474
seg_75cd6a,1.598839965188502
seg_75dc3e,2.089098591059967
seg_75e669,1.4904549362406374
seg_75e93c,1.3283237128016234
seg_75eb90,1.64050148805506
seg_75ffc9,1.7483713000027161
seg_760d70,2.1539967748510636
seg_76106f,2.322891872062807
seg_762188,1.728685442802624
seg_762be4,1.6105012184330394
seg_7630c5,1.7000431702159717
seg_766e42,1.797712634756591
seg_76b76f,2.062019211176925
seg_76c2fa,1.7349418041049283
seg_76d16c,2.078118441010991
seg_76e914,1.636103484107314
seg_76f1af,1.7292305368200394
seg_76f3f2,2.047923951294104
seg_76f76d,1.7441690688343385
seg_774ad2,1.2910525169133502
seg_77bf79,1.6331304449129438
seg_77c546,1.1165567499163305
seg_77db7b,2.1424735170145333
seg_77dbe7,1.4873659756806217
seg_77df38,2.168412791571722
seg_77e7bf,1.4120154668568667
seg_77ea14,1.2451551181698377
seg_77f9e3,1.6352444234825931
seg_77fe77,1.3521134955842495
seg_7848f8,1.496776335602378
seg_7862ed,1.4363679701406773
seg_786ff6,1.6831048174863972
seg_78852d,1.5230862152827114
seg_78addc,1.600782734527424
seg_78d817,1.3127121267702653
seg_78db0a,1.8066158642789691
seg_78ded2,1.7794019666819731
seg_78fc4b,1.7406107947283824
seg_790108,1.6891773968223915
seg_7949da,1.786132386167862
seg_79c47a,1.639856712985258
seg_79dc90,1.9606712833770277
seg_79e301,1.8658407109514519
seg_7a09ec,2.3278484037756093
seg_7a521c,1.3610107174480934
seg_7a5243,1.2159160865705212
seg_7a9228,1.8148954503996044
seg_7a9f2b,1.6562597305801898
seg_7aeca4,1.9005747792862384
seg_7b0936,1.7088388376354122
seg_7b2994,1.3193524818663647
seg_7b3017,2.4139627876970646
seg_7b5f90,1.273438118061368
seg_7bb771,1.673827397332412
seg_7bec10,2.0522152815946146
seg_7bf143,1.7008826110748094
seg_7c0376,1.46308589501072
seg_7c10c1,1.6619256572769872
seg_7c2beb,1.956682924716584
seg_7c2c48,1.7081883586250441
seg_7c6c31,1.826535167877487
seg_7c88d1,1.7200411550670252
seg_7c9433,1.5424728809252657
seg_7cb417,1.4520970575944245
seg_7cbb45,1.230512169820034
seg_7cd6b1,1.9505459890043042
seg_7cdfe5,1.4691338881785359
seg_7ce9cb,1.2820122044138114
seg_7cef95,1.9701149618330365
seg_7d17eb,2.0678069490676148
seg_7d2535,1.9224561155983324
seg_7d2e57,2.092487346725324
seg_7d65c7,2.2438817476772535
seg_7d718e,1.6122674676097057
seg_7d88e3,2.288839805853365
seg_7d994f,1.3626740389478835
seg_7ddc30,1.7823271712800597
seg_7df3dd,1.6252669460886369
seg_7e3b3e,1.5313867472487637
seg_7e9eb7,1.3511412243930438
seg_7eb108,2.3852773491730836
seg_7ebdc3,1.2904936205563349
seg_7ed2dd,1.4583945948085457
seg_7ef97b,2.0233784212898622
seg_7efdd5,1.8484095733911479
seg_7f3ab0,1.8476222923257186
seg_7f5b6f,1.6730803878068379
seg_7f786b,1.7470724156939104
seg_7f93b2,1.3750159196823362
seg_7f9b3a,1.4241522179258195
seg_7fa6ec,1.5485237903134887
seg_7fac26,1.3410312816879033
seg_7fd3a3,1.6538922805101701
seg_7fd6b7,1.8617501243917833
seg_80211c,1.7770618125856013
seg_804fb5,1.8570183395935111
seg_80622d,1.7470611964879152
seg_807901,1.335928574712047
seg_80b9b4,2.064711859965431
seg_80fb86,1.6622180311965118
seg_812962,1.5236998327870683
seg_812a50,1.5239014415930525
seg_813aab,1.4849040227925667
seg_814b1f,1.9121485557682139
seg_816b7a,1.315553935042382
seg_818382,1.8602120831132662
seg_81a8ea,2.2277090732388154
seg_81bebd,1.483243328604275
seg_81c1a6,1.6367044358003744
seg_81c432,1.60991509119759
seg_81f798,1.4508858094940233
seg_8200d2,2.2358795941105796
seg_82303e,1.7656667211237456
seg_82316b,1.5071540370641712
seg_8244bf,1.6118226220131358
seg_82456a,1.7610267049820933
seg_826208,1.5027273741152267
seg_827804,1.5811940973467515
seg_827a21,1.4866329821086153
seg_827c07,1.9703013099893871
seg_82c138,2.2315850691627466
seg_82ce27,1.1185106700749121
seg_82d7b6,2.116768754067335
seg_830cff,1.8069183222821266
seg_8310ea,1.8308111682583985
seg_8324a4,1.517103902200108
seg_8328f5,1.5415018934125804
seg_832a4d,1.311519984568509
seg_8344ee,1.6435549072862476
seg_8353f5,2.5386519580935953
seg_836aac,1.0216349396954716
seg_836ef0,1.25717966757324
seg_83bef8,1.6184141226165056
seg_83cb2c,1.851653569357819
seg_83dc2e,1.4320204511997696
seg_83ef67,2.731360593396983
seg_83f476,1.5018976784892168
seg_83f89e,2.063393327383714
seg_83f928,1.437814974224585
seg_8456d3,1.808771702091112
seg_845a2a,1.4675871387927577
seg_8472f3,1.948676979231947
seg_848695,1.3227525437716339
seg_84a65d,2.151952035853252
seg_84b9d9,1.5483731175295212
seg_84c7fb,1.7429582223701585
seg_84fc12,2.0340968703213576
seg_8509db,1.7691843460263255
seg_850d95,1.8765708584004517
seg_8515fd,1.6977557149818254
seg_853302,2.108257246905821
seg_854d91,2.1258570479850762
seg_857304,1.5474087033409791
seg_85762d,2.1221223106788636
seg_8599ec,1.359940920417779
seg_85c1c0,1.74028656996647
seg_85e90e,1.530302325204452
seg_85e9c6,2.2684462733837885
seg_85fb0a,1.309381015848894
seg_864fcf,1.3709338792285901
seg_8658b3,1.5778527503802438
seg_86720f,1.516746828224949
seg_8681aa,1.6294239133319839
seg_86892f,1.8505244784119343
seg_868c85,1.8663634153620574
seg_86cfe9,2.5592024998579035
seg_86d847,1.890219302964957
seg_86e874,1.4526206793310559
seg_87232d,1.8856539768461151
seg_876904,1.2841605686585895
seg_8773cf,1.5302657523738166
seg_8777bd,1.3865547397047286
seg_8785e2,1.5786483233944009
seg_878d2c,2.1060385356156615
seg_87a616,1.2689761504693584
seg_87a67a,1.9763408977695915
seg_87e4e8,2.0263058035585693
seg_87f6c8,1.9457089132375878
seg_8826f4,1.273759079134704
seg_885f53,1.7526860611823158
seg_8866f0,1.4085936091528262
seg_88a81d,1.388142178686045
seg_88b289,2.0579138851130305
seg_890181,1.4772419013673943
seg_89791c,1.3688883829725647
seg_89885a,1.8136501887132837
seg_899bf0,1.965073350996492
seg_89b090,1.578409080581471
seg_89d8a0,1.1336851034875952
seg_89e207,2.1089759850045353
seg_89eed6,1.309270796000046
seg_89f975,1.5289572675479535
seg_8a3306,1.2259351745157858
seg_8a41bf,1.0748831093542952
seg_8a6b0e,1.5720777207712424
seg_8a7201,1.5240155947330205
seg_8a8220,1.9932399064399262
seg_8a8375,2.022119960790648
seg_8ab3a7,1.251899161170055
seg_8ae847,1.327454812144653
seg_8aeb99,1.756634201621152
seg_8b39c4,2.34778362862363
seg_8b798b,1.913426762696104
seg_8baeab,1.8596323079590855
seg_8bc20c,1.6083628249608921
seg_8bde47,1.813082011689369
seg_8be2da,1.7940955934073406
seg_8be76c,1.986624043244152
seg_8bec6f,1.6206419696598733
seg_8bf229,1.8463279120300307
seg_8c0114,1.4370394516294442
seg_8c1760,2.0391754711103203
seg_8c1cca,1.5622825847593473
seg_8c1e7d,1.1452227977263638
seg_8c341c,1.9389320807499089
seg_8c6d4e,1.9583190222363944
seg_8c6e34,1.6701388498155008
seg_8cd159,2.084548741608096
seg_8cdf83,1.4600452221483529
seg_8ce632,1.6384264121467171
seg_8cf573,1.677998183268808
seg_8d030a,1.5321348582950791
seg_8d135f,2.0445881525118352
seg_8d3a9d,1.6312625470866062
seg_8d4435,1.089896728042224
seg_8d4965,1.9305820724855913
seg_8d5113,1.6164883365345801
seg_8d6578,1.814736685699185
seg_8d6a7d,1.8012850858795666
seg_8da61a,1.6765931036476875
seg_8db6f0,1.9229469750890251
seg_8dcf3c,2.0190956660652715
seg_8dd2ab,1.6546172356151825
seg_8dd3ba,1.195875893329413
seg_8dfc7e,1.380073737602418
seg_8dfd7a,2.075108828805041
seg_8e5704,1.7004465747987316
seg_8e6a3f,1.4900918639822003
seg_8e7194,1.4454434088137962
seg_8e7fca,1.7041745722938204
seg_8ebdea,1.9372461710582742
seg_8f1127,1.8808704177398523
seg_8f25b0,1.6812334738121746
seg_8f3247,1.8323839624963347
seg_8f3dfe,1.7916252569028912
seg_8f4654,1.2390502217759845
seg_8f4781,1.4312998618710127
seg_8f5589,1.6483885026729885
seg_8f592b,2.263782843315383
seg_8f6284,1.197835669881008
seg_8fb0d0,1.959659752843442
seg_8fb29e,1.979133725971311
seg_8fb828,1.860343324186387
seg_8fc754,1.8916102260875594
seg_8fd465,1.9959474023688966
seg_902074,2.249419500474094
seg_902bc1,2.2384865812440755
seg_903aba,1.5480923918280398
seg_907c52,2.169046510263482
seg_90a0be,1.9831471542447812
seg_90b174,1.7320587951763993
seg_90bf60,1.7558897002924418
seg_90c258,1.764206884165766
seg_90e904,1.4985128159840235
seg_90ec68,1.9856149318094518
seg_90ef18,1.5603171902104833
seg_911066,1.4543719295569248
seg_9122aa,1.9126757063059499
seg_913ffc,1.4928299803092198
seg_914a62,1.2136971540715906
seg_91596c,1.6719263824640913
seg_915b3e,1.6379913994864466
seg_91607c,1.1484247412323572
seg_919a6a,1.2850921088034855
seg_919c5c,2.0134021674415825
seg_91bf8c,1.2700532976304841
seg_91cff2,2.260042383218312
seg_91eaeb,1.4863892289467502
seg_91f512,1.5318125939186693
seg_91f664,2.0704158107085067
seg_91fc29,2.0357977908732043
seg_920132,1.4493602562242232
seg_92092a,1.529034345264935
seg_922914,1.4037191866885323
seg_922990,2.032852142646304
seg_92310f,1.7267223952439472
seg_929ded,1.5205952159121474
seg_92a5f1,1.400111762104741
seg_92af10,1.697403822052785
seg_92b095,2.0128721008224053
seg_92bd37,1.384564123783559
seg_92be9f,1.5856741085230412
seg_931244,1.6067188039729463
seg_93211c,1.7920299627157852
seg_932828,1.6534726209968849
seg_934087,1.4862864681120085
seg_939f5c,1.5716697381419176
seg_93d864,1.8976755178349936
seg_93f935,1.8346321979383096
seg_941759,2.153174790307661
seg_943de0,1.4946497936988759
seg_944c98,1.484599051098619
seg_945bc8,1.6505326540657723
seg_946d71,1.9244859981768232
seg_946d9a,1.4154624533022833
seg_947700,1.3313539761319728
seg_9485c0,1.8472776950902365
seg_94a133,1.342747316318673
seg_94aa0a,1.479766785501027
seg_94c48c,1.8606779724779805
seg_94d150,1.640147675804411
seg_94d573,1.7839446646930854
seg_94ecad,1.2757181594998752
seg_950048,1.9061506582046164
seg_952faa,1.891303791920782
seg_95357d,2.2834132565449092
seg_95644e,1.7817457609128031
seg_957ece,1.3226298257690674
seg_95b321,1.4100364004897334
seg_95f45e,2.1076542493422123
seg_961d02,1.438297052328764
seg_961ddf,1.5853814909683328
seg_9626a4,1.4306906050999926
seg_96642e,1.9153352054219674
seg_966f3d,1.3622271706979086
seg_967ae4,2.1171904124159666
seg_96cd5d,1.322214570995089
seg_96dab2,2.2327083926250566
seg_96db5e,1.950736914633117
seg_96fa35,1.674071175941337
seg_970b35,1.0974709823941649
seg_970e86,1.5735345397737375
seg_974049,1.380293632347187
seg_9757ac,2.1843692119678146
seg_979a8f,1.2263491457196167
seg_97a161,1.1916595113886517
seg_97ad82,1.8623708792975533
seg_97d9ed,2.095465992957174
seg_97e4a9,1.648024080381858
seg_9802c3,1.8603657735068209
seg_9825e0,1.612270081421216
seg_983778,1.9550862513494303
seg_986976,2.1240172783922966
seg_986b6e,2.051021707722942
seg_9872f9,1.5509906023566953
seg_988e69,1.6536772993399809
seg_98a819,2.045224600870591
seg_98be13,1.7094151504598525
seg_98c0b6,1.594487908277611
seg_98c44d,1.554711354759778
seg_98c544,1.8600042716872272
seg_98ebaa,2.189818601525952
seg_98f624,1.8301361708917283
seg_9940e8,1.6400789472901358
seg_996c37,2.0378785668935055
seg_99ccbd,1.7256236762184274
seg_99f677,2.021262559371264
seg_99f76c,1.8183829521788302
seg_9a1a4f,1.976845302233232
seg_9a1c76,1.3547547459187639
seg_9a43ef,1.8182483586802891
seg_9a6025,1.8115347585157957
seg_9a74d8,1.5073458013490282
seg_9a7c46,1.9827286540847333
seg_9a7d1d,1.677943692804471
seg_9a812d,1.144007634852583
seg_9a81a3,2.0663071575230036
seg_9a8a1f,1.5902867424134524
seg_9a9041,1.467673645910586
seg_9a92db,1.5696259845642788
seg_9aa6e2,1.3917430792253953
seg_9ab405,2.1465373495826294
seg_9ad261,1.844339905613177
seg_9ad925,2.154848290265363
seg_9ae1a1,1.8030569965969265
seg_9b0439,1.5459008317713916
seg_9b44d2,1.4469713577331127
seg_9b7ef8,1.8126803057530703
seg_9b7f93,1.2388951777922015
seg_9bab11,1.7863233285038445
seg_9bd388,1.5781592583949944
seg_9bee43,1.4180249196760535
seg_9c00d7,2.0963046086070833
seg_9c090f,2.305410367972458
seg_9c2843,1.4475775714914685
seg_9c3d6a,1.540300299262374
seg_9c3ef8,1.9229085759517721
seg_9c635d,2.431589555289529
seg_9c6715,1.4023806603479612
seg_9c8162,1.667140039950167
seg_9c8bc8,1.5016589218179588
seg_9ca72e,1.723793943459269
seg_9caf50,2.055608361394512
seg_9cb464,1.8826045097461162
seg_9d1b26,1.340369382522845
seg_9d1dbe,2.0202362061771715
seg_9d2528,1.683986407202739
seg_9d3013,1.6075809814386959
seg_9d452d,1.7544441170357148
seg_9d57a1,1.7394268651341394
seg_9d68cf,1.2834020356538651
seg_9d6ff0,1.2788527345923781
seg_9d7490,1.6354636654831813
seg_9d79d4,1.4807346043167908
seg_9dcae1,1.7642234744931813
seg_9ddc99,1.7942938410819715
seg_9dea8d,2.3449926406699557
seg_9df32d,1.9400813255572746
seg_9e25e9,1.3544579902601932
seg_9e3837,1.442995013702352
seg_9e61da,1.0817076450424676
seg_9e7dff,1.5788500064101094
seg_9e8323,1.8110857417434136
seg_9e8ca4,1.9329958888712007
seg_9e962b,1.255352380389586
seg_9ee0aa,2.244565985559711
seg_9f042e,1.9680366129295677
seg_9f12c6,1.510864714260581
seg_9f22a0,1.8994287676272557
seg_9f4fd4,1.844058924601443
seg_9f57c4,1.6148541827197704
seg_9f6315,1.4726650871020222
seg_9f7542,1.4081048506376879
seg_9fc7c2,1.8762277701885837
seg_9fd9b8,1.4488684883401373
seg_9fe8b9,1.2071570923484336
seg_a00985,1.3605190431480816
seg_a009e6,2.3455073295494278
seg_a03e6a,1.544192543308387
seg_a05c22,1.4628013769837895
seg_a06228,1.6905673571886588
seg_a0646a,1.271238801149226
seg_a0979e,2.0272976269835064
seg_a0a423,1.4860978485626157
seg_a11dd5,1.225806802631321
seg_a12acb,1.7247651466248257
seg_a133bc,1.535688112829725
seg_a14212,1.5436048924706682
seg_a16a1b,1.4151099139326275
seg_a173d8,1.7579144506812874
seg_a18246,1.871416337321021
seg_a1a511,1.6719804625205517
seg_a1acb2,1.5266362374255835
seg_a1b3cc,1.6409462113079518
seg_a1d8da,1.9799837548030599
seg_a1e5b0,1.679514048976098
seg_a1edc1,1.567018224822395
seg_a247ac,2.2916871990555325
seg_a25c46,1.1928145596907362
seg_a2986f,1.6692605359914288
seg_a2c108,2.033285248079589
seg_a2d47d,1.6627791793997846
seg_a2e2c8,1.4288531363972388
seg_a2fd8b,1.2539460752912013
seg_a31d6e,1.7767742470672054
seg_a31fe3,2.083590835076025
seg_a35c82,1.7624925519814232
seg_a35e7c,1.7864457677851222
seg_a39ebc,1.9521912481911206
seg_a39f3b,2.168668161420562
seg_a39fa8,2.149094991002599
seg_a3ab46,1.3328688474952126
seg_a3d4d6,2.0248259040696643
seg_a41c2c,1.5014467893712016
seg_a4208a,1.5399103478373446
seg_a420d4,2.1132072282767393
seg_a436bc,1.7094147753079088
seg_a437cb,1.9902947274490175
seg_a45455,1.6582793140800893
seg_a47cce,2.109005194136036
seg_a489e1,2.0942541546979347
seg_a49ccc,1.407312887881328
seg_a4ad7c,1.8301411500138212
seg_a4e745,2.1234018990962364
seg_a50d28,1.7146340307053634
seg_a5271e,1.4143508135679244
seg_a53e4c,2.168080821085546
seg_a543e5,1.5523166146255192
seg_a55540,1.5539764603380528
seg_a55a17,1.3483545036713929
seg_a56c04,1.8489001411538568
seg_a58a6e,1.329375026873034
seg_a5934a,2.4026924291118594
seg_a5d37f,1.8057320069076208
seg_a5dea6,1.3803365153797182
seg_a5f4dd,1.66052370830506
seg_a5fbcc,1.661122301333289
seg_a61e1c,1.247818842807761
seg_a63573,1.527801273210203
seg_a674d2,1.7720907573949338
seg_a68007,1.8350697125204976
seg_a68ffb,1.8276656406883296
seg_a69246,1.610941760782236
seg_a6959c,1.8179076234749985
seg_a6bf91,1.3748198925512354
seg_a6c5cc,1.8137122717775183
seg_a6cd86,1.8428227095842642
seg_a6e801,1.9138372977594749
seg_a6e99c,1.7210829920586286
seg_a6eed3,1.4576169716994118
seg_a704ee,2.1225086008937075
seg_a7561c,1.3112943677840865
seg_a7b454,1.9282846451517082
seg_a7d0eb,1.7232585475206639
seg_a7e49b,1.7219693039350066
seg_a80123,1.1904927523486704
seg_a802fa,2.2898330121765103
seg_a80f6f,1.316592593081801
seg_a82229,1.9633385904245881
seg_a84c13,0.95670381166679
seg_a86231,1.3044618754732562
seg_a8685e,1.560156501332835
seg_a86a05,1.8179678468726177
seg_a87e79,1.9498235400652608
seg_a88097,1.5562624175318458
seg_a88dde,2.0044511194171153
seg_a8bb2f,1.769805989301887
seg_a8ddf7,1.1746238206842152
seg_a8e6df,1.6983646738915181
seg_a8e71a,1.3723561570574638
seg_a9089b,2.0186573092559175
seg_a91c03,1.4659436019346017
seg_a93a88,1.441748370354677
seg_a96b47,2.1927594164520405
seg_a975df,1.7690477198343237
seg_a99161,1.6875194878156128
seg_a99799,1.4923337480847683
seg_a99be9,1.4120661315393153
seg_a9a820,1.2806930620285024
seg_a9b957,1.745411055385446
seg_a9f80e,1.9446335720212984
seg_aa0180,2.0610649101983904
seg_aa1adf,2.0000528599754306
seg_aa508a,1.6839636075231876
seg_aa78e0,1.3681362913228783
seg_aa7a4b,1.7603618470192695
seg_aa98cc,1.4734394789427807
seg_aa9b8e,2.405263725789941
seg_aaa2ae,1.7538091068176398
seg_aabc52,1.6095276577586293
seg_aae025,1.6249662655501873
seg_ab001b,1.456162917741296
seg_ab15ad,1.923690647744825
seg_ab2a78,1.2549274882904147
seg_ab3f14,1.6866081380904543
seg_ab4bca,1.3593585949092972
seg_ab644e,2.14154867016718
seg_ab70bd,1.7841785211090095
seg_ab9654,1.4700465570309993
seg_aba501,1.799534902252625
seg_abaad2,2.3468108371513368
seg_abb03a,1.407541823641559
seg_abb06a,2.204745091402768
seg_abc5fd,1.4558817573218
seg_abda04,1.927468495243898
seg_abeca6,1.7733105400959257
seg_ac45ae,2.1312378357096122
seg_ac5c61,1.596471018327077
seg_ac68bb,1.4630622313154071
seg_ac9de5,1.9905941920090633
seg_acd715,2.0085529260988437
seg_acf2f4,1.6971819610461942
seg_ad3a44,1.8507133223649892
seg_ad3cf0,1.6494508817837983
seg_ad591c,1.4116206882932094
seg_ad759c,1.9207588490829366
seg_ad82ca,1.4723567466920118
seg_ad949a,1.7126504860192575
seg_ada42c,1.3714070729360037
seg_ada81a,1.4251627271041778
seg_ade769,1.7503560458964473
seg_adf94a,1.8297998710554366
seg_adf986,2.5287745669968045
seg_ae32a6,1.9928570108172585
seg_ae3388,1.741124922935773
seg_ae3d92,1.3090914073420767
seg_ae42b3,1.7335005716041545
seg_ae9626,1.4854050293246142
seg_ae9761,1.4605821234663983
seg_aec276,1.956057236435441
seg_aed434,1.4149583506608374
seg_aee7c0,1.619025276091316
seg_aee9bf,1.6113066772837112
seg_aeeb31,1.1743758712311816
seg_af1650,1.5553015208944558
seg_af2472,1.8193821567841315
seg_af6204,1.8418511234245285
seg_af703b,1.5042629097826907
seg_af959f,2.199735365413772
seg_afa4a1,2.08781219629938
seg_afadfb,2.0224592858079844
seg_afca81,1.9751266533301846
seg_afd665,1.4842964462149764
seg_b00f05,1.3074748722171492
seg_b02e31,1.4940064673768851
seg_b03de5,1.8737238519475816
seg_b08e9d,1.7103534587452103
seg_b0a794,1.4417612086559959
seg_b0bf65,1.9195503644762935
seg_b0cf32,1.8058650728542551
seg_b0d251,2.0568325655966015
seg_b0f9cd,1.6482703803836163
seg_b108c9,1.0212044079202933
seg_b13220,1.3776146277409893
seg_b13fb9,1.5584393416933133
seg_b197e2,1.7054374303964739
seg_b1a35c,1.5368645942998054
seg_b1b95e,1.7971354000239854
seg_b1fea8,1.3850605282096737
seg_b20487,1.8759664817243313
seg_b21273,2.1966784790907075
seg_b23489,1.0987426852790403
seg_b253ee,1.4064290970765767
seg_b25dde,1.3364346315368794
seg_b26368,1.5780768458244583
seg_b284b2,2.080155281484479
seg_b291c0,1.585379755721169
seg_b2b29d,1.653641837298889
seg_b2b331,1.415903266732236
seg_b2e045,1.4350803666369027
seg_b31961,1.9219196855531053
seg_b32d1d,2.2162361466599196
seg_b35174,1.8027618586393883
seg_b36650,2.023572319847317
seg_b36c8a,1.4407100129114485
seg_b378bc,1.3401495630098657
seg_b3883e,1.9354772696859033
seg_b3cf21,1.566988870436186
seg_b3d886,1.764642720855146
seg_b402ac,1.702422288007055
seg_b41d3c,1.1169394431790385
seg_b42170,1.9169636335432778
seg_b4402d,1.877091277321265
seg_b44c2e,1.3485286930344704
seg_b47c19,2.02817110256923
seg_b4c040,1.5611240908616995
seg_b4cb44,1.591228359388193
seg_b4f7a8,1.2133281378056442
seg_b50239,1.549299365201592
seg_b51380,2.1200077004281637
seg_b51b7c,1.8182215307149816
seg_b52710,2.1970898319667205
seg_b52add,1.491160802389339
seg_b52dac,1.5606679616313246
seg_b54024,1.3404907817791807
seg_b568c6,1.7953325842633832
seg_b57e76,1.2421199978933435
seg_b5804a,1.1880518179707067
seg_b58542,1.370546217741162
seg_b5a447,2.0212971414117717
seg_b5aee9,2.1611240833727927
seg_b6254c,1.22628669505665
seg_b63de1,1.9014253648407133
seg_b64c9c,1.632755693348186
seg_b66b87,1.2596025085802394
seg_b686e5,1.934139786207639
seg_b687fc,1.489297513947566
seg_b691c5,1.2594969006655607
seg_b69455,2.243472834608587
seg_b695b3,1.512546468498203
seg_b6bdaa,1.7458487124175366
seg_b6c10d,2.355822795670126
seg_b6cb2b,2.122933505313193
seg_b72413,1.4605510209399701
seg_b735a5,1.543637118442135
seg_b77bf5,2.037463898067302
seg_b782c7,1.8088083442804024
seg_b78883,1.4882489495468858
seg_b7a8a1,2.2283366719930293
seg_b7b098,1.2772702372829736
seg_b7da0a,2.1045763737922436
seg_b7eeb6,2.360803135698081
seg_b80358,1.9020754916140397
seg_b80366,1.7403025310215203
seg_b80b89,1.2928954948437374
seg_b8141c,1.9157103034486411
seg_b853c1,2.2402734302558653
seg_b853f8,1.4197022498140743
seg_b86ce1,1.585133531393101
seg_b8725b,1.1404333490404799
seg_b8745c,1.9935013640762536
seg_b87cf5,2.0034826583849186
seg_b88baa,2.0504324956178928
seg_b89218,2.4704957618480634
seg_b89e47,1.8147258492283211
seg_b8b72f,1.3928889698595508
seg_b8bb87,1.8252470514286507
seg_b8fd73,1.6941375241249577
seg_b91011,1.8849531382714972
seg_b917b5,2.016322531776779
seg_b91ae2,1.3381064462317243
seg_b9361a,1.5958984527102507
seg_b9365c,1.467568602501784
seg_b947ae,1.19070716105032
seg_b95010,2.096178732489376
seg_b95a77,2.1657192588701175
seg_b9619c,1.6256730167194224
seg_b9ad7f,2.0205167568383446
seg_b9bdd7,1.5416247163118237
seg_b9d8a0,1.8060137981879705
seg_b9de03,1.9255215946471123
seg_b9ec4b,1.7779912662975845
seg_ba0485,1.8791085225473676
seg_ba1d68,1.5087333905768783
seg_ba2c48,1.3077920926344073
seg_ba3c47,1.983459132235149
seg_ba3e74,1.7616638804481966
seg_ba4ea3,1.6143911462295575
seg_ba5e7e,1.527840892101366
seg_ba83da,1.7750971070678043
seg_ba941e,2.3822896587704836
seg_ba98dc,1.7979716363004163
seg_ba9dbf,1.3310976756508077
seg_baa745,1.6196683633384463
seg_bb171f,1.674646460940095
seg_bb180c,1.5934200665033493
seg_bb2d77,1.7359553888857826
seg_bb5e15,1.9277555767934782
seg_bb6904,1.411665332845943
seg_bb6fcb,1.5907768383137455
seg_bb92b1,2.008787471239666
seg_bbb01e,1.7154141126998548
seg_bbbc30,1.7084874987587506
seg_bbf805,1.9391783862436436
seg_bbfd4e,1.8561900222549053
seg_bc07c8,1.3350657530309278
seg_bc1d67,1.6868257283656425
seg_bc2186,1.8242319480763143
seg_bc437b,1.4720958386685892
seg_bca500,2.2804913781286977
seg_bcc8f1,1.8611074347925385
seg_bce23c,1.4015484120715307
seg_bce305,1.511633380241153
seg_bcf2d9,1.3271597154272399
seg_bcf6af,1.5389428209288933
seg_bcfad6,1.8473637883223026
seg_bd00c4,1.8343587452504626
seg_bd2b0c,1.436434664579818
seg_bd31bf,1.4832697515502815
seg_bd40f2,1.5781413216095106
seg_bd4d30,1.68490940515546
seg_bd5022,0.9211343497166185
seg_bd629b,1.907575667320771
seg_bd6f5f,2.044288177384468
seg_bd7109,1.892222873701236
seg_bdae02,1.6163771109959724
seg_bdf84b,1.2134804607617815
seg_be0cdc,1.626132564349659
seg_be0dfa,1.8875693783750083
seg_be19e2,1.7327961831801717
seg_be30ce,1.2131395289812363
seg_be4612,1.663130284770102
seg_be62ef,1.7566257694939127
seg_be65f2,1.5679779900517523
seg_be811d,1.7781881711760232
seg_beb650,1.885871343480909
seg_beda44,1.7386336929810327
seg_bee792,1.712329514805703
seg_bf1294,1.516611865053655
seg_bf1430,1.7728280689318976
seg_bf1a72,1.6683157563800013
seg_bf2d1f,1.627823609051392
seg_bf4bf2,1.6259282776611452
seg_bf4ec0,2.080186638866295
seg_bf58ce,2.3287251084047615
seg_bf7224,1.7142273647363353
seg_bfdd14,1.9123629477085204
seg_bfe0b6,1.6060983233909674
seg_bff05e,2.2039835318617667
seg_bff392,1.5659114911904837
seg_c01a57,1.5514379109355074
seg_c01d9a,1.8070622987147833
seg_c01f63,2.0724003939239344
seg_c0260d,2.027354338032542
seg_c047b7,1.566870132106779
seg_c05a7d,1.6673184862408212
seg_c07b7c,1.6985911890570087
seg_c08d36,1.44329550377673
seg_c09a41,1.9118510425699853
seg_c0c0ed,1.9694722916850786
seg_c0d7da,2.152980975704094
seg_c0e1b9,1.2947294997107646
seg_c0ea9f,2.0249002692625733
seg_c106ca,1.6338152313971008
seg_c10a58,2.394312507758197
seg_c11828,1.8683475704605113
seg_c11a4f,1.6465410927843087
seg_c12d7d,1.9052529519489216
seg_c146a8,1.7749212593854835
seg_c15d21,1.5703062902120486
seg_c17817,1.879073393278256
seg_c179f8,1.5480532491158296
seg_c183e4,1.950319470291251
seg_c186dc,1.2549782250391628
seg_c18d5a,1.7498013884587047
seg_c1fe9a,2.029057034769316
seg_c20a27,1.4773933119163012
seg_c20c06,2.0089766176943353
seg_c21723,1.7739837897301018
seg_c21d60,1.5763224489332786
seg_c22bd4,2.657434710358441
seg_c23429,1.975488437789405
seg_c23641,1.7564369347533062
seg_c243a6,1.1350441188533384
seg_c24946,1.4559197854429475
seg_c25855,1.9983453816770238
seg_c267a5,1.5615885505347311
seg_c26fb4,1.4380344585855356
seg_c27591,1.19059726351935
seg_c2a0c8,2.0100540724185936
seg_c2b8f7,1.4507478015674327
seg_c3507f,2.0895062468074475
seg_c35940,1.8666529643762995
seg_c365de,1.2406956814065246
seg_c3836b,1.3333861577364194
seg_c3f672,1.623991968932944
seg_c3f8d7,1.5402430071392172
seg_c41d1d,1.28986641710599
seg_c42490,2.0762214934659498
seg_c42952,1.5856383380980479
seg_c44bbc,1.5039058111508776
seg_c46ce6,2.1480372000978516
seg_c472cf,1.6616383828089956
seg_c47bdc,1.559440200312566
seg_c4af54,1.4554619414001908
seg_c5064e,1.7690454214484015
seg_c509ff,1.8035102267936483
seg_c522f8,2.396030942745275
seg_c5256d,1.7633670659251184
seg_c52ae6,1.7175331491212023
seg_c5325c,2.059934529110969
seg_c550b1,2.093032487427665
seg_c565bd,1.6633000067990276
seg_c571ef,2.0205415339788644
seg_c588c1,1.9996844400504608
seg_c58ca5,2.0290597829160464
seg_c5abaa,1.4135107462694194
seg_c5c455,1.8639533322187931
seg_c5c6ea,2.098993025709588
seg_c5dada,1.7811245049592601
seg_c5dee4,1.7669165151599766
seg_c5f986,1.3117756394225075
seg_c5fc3b,1.6195073636861388
seg_c5fc87,1.7289031322966522
seg_c607eb,1.5559341103307296
seg_c60dca,1.5884850605299294
seg_c60f1d,2.0969346690600537
seg_c627fc,1.9740550208316479
seg_c62a06,1.867116652456002
seg_c65135,1.6562184073375024
seg_c654e7,1.6444961622855767
seg_c666dd,1.8604104065860585
seg_c671f7,2.359408999390838
seg_c6b514,1.4033004647978968
seg_c6c29f,1.7316748680519292
seg_c6f0a2,1.3818505566747992
seg_c6f533,2.137600235404583
seg_c6f9c2,1.591669961664625
seg_c703be,2.1654434362123123
seg_c70fde,1.9104727692791115
seg_c714d0,1.5661075269389122
seg_c73df6,1.0507209277870235
seg_c747ad,1.7773442238855326
seg_c747b4,1.4051503732002553
seg_c7a3bc,1.3069717805302086
seg_c7a401,1.7423046287962292
seg_c7a579,2.3366788097216866
seg_c7b424,2.336334142663674
seg_c80857,1.3758652133162241
seg_c81e10,2.20757133593179
seg_c81fec,1.7410219992741685
seg_c8459f,2.3952892728266217
seg_c87c24,1.9428351062640363
seg_c901c0,1.493314522403736
seg_c90be5,1.594231869551207
seg_c9201c,1.5611710743485265
seg_c9481f,1.619996967222673
seg_c94941,1.1165299740523615
seg_c9831a,1.8354835765863349
seg_c9e533,1.4948220760620248
seg_c9f80a,1.4591172157120147
seg_ca2d1b,2.1110171112717087
seg_ca407b,1.9881446106346417
seg_ca44a8,1.3594846577916078
seg_ca67ee,2.052692176411563
seg_ca6d70,1.0981920996553174
seg_ca8389,1.5003154974563837
seg_ca88e3,2.175717930899975
seg_ca9e39,1.7091355410996498
seg_caa919,1.7423405540879107
seg_cacd0a,1.6866666869764688
seg_cacd58,2.0258218289688616
seg_cb0e21,2.5152142383600418
seg_cb806c,1.647810194553638
seg_cbcce9,1.8791768877426234
seg_cbfb19,1.8014710541697707
seg_cc096e,1.5639786161309668
seg_cc2c46,1.7086248694131687
seg_cc2e9b,1.6796096076678473
seg_cc4199,1.9082827866174648
seg_cc4932,1.7284282803311641
seg_cc4950,2.0784224078499283
seg_cc667b,1.5910893852568961
seg_cc7a19,1.7600740415166878
seg_cc7e39,2.134517408600169
seg_ccdc28,1.8541524199630448
seg_cd0691,1.687618890291605
seg_cd2b34,1.7259710942380315
seg_cd2b53,1.3795848870210388
seg_cd352f,1.9785855364071812
seg_cd43b4,1.5574813916510573
seg_cd699e,1.9669967539363626
seg_cd9f9b,2.2575002761294125
seg_cdadb5,2.002426601345848
seg_cdf88e,1.348178804710294
seg_ce00bb,1.3223337622162161
seg_ce46ba,1.4961092635424504
seg_ce472b,2.340963333255601
seg_ce5520,1.4171252164109027
seg_ce5832,1.7453038879294263
seg_ce72e2,1.8053857101594586
seg_ce7537,1.066730251671542
seg_ce9f59,1.7870000335957497
seg_cea185,1.8188941149724913
seg_ceab44,1.4780246241067019
seg_ceb942,1.1065852249436152
seg_cec2f2,1.660249463492737
seg_cecd29,1.576952631831977
seg_ced992,1.4727778113198706
seg_cedf3e,2.537352092168835
seg_cee7d0,2.5539903950040834
seg_cf0e43,1.8675137653170808
seg_cf1371,1.6302316461972308
seg_cf25d2,2.0797819980010006
seg_cf3825,1.8222475839106997
seg_cf5764,1.530844271916202
seg_cf646e,1.986181159728196
seg_cf74e8,1.3381420577533143
seg_cf9a49,1.555423217884319
seg_cfed24,1.1420181277029926
seg_cff594,1.8115099887155917
seg_d014a3,1.67444823516671
seg_d0598e,1.1011536662907004
seg_d062a6,2.444090698347633
seg_d07c62,1.5991345206944048
seg_d07ce8,1.874375174125384
seg_d098df,2.055920780808763
seg_d0c280,1.8808971152410054
seg_d0c8e2,1.2287775362945745
seg_d0f262,1.4207159955216822
seg_d0f803,2.119489916286686
seg_d1045e,2.310470700496021
seg_d11ca8,1.5367524604105558
seg_d14524,1.827427201772233
seg_d146a6,1.2612648395483297
seg_d16534,2.0557545255933722
seg_d19980,1.8796638504068124
seg_d1a281,1.9560642505924626
seg_d1a2b9,1.7375362625218345
seg_d1a8b3,1.3459582858986434
seg_d1abaa,1.9034202878324087
seg_d1b91e,1.8832371773283298
seg_d1ca05,1.4457096642487932
seg_d1cb37,2.1889214312311003
seg_d1eee8,2.1496149073862565
seg_d1fbb8,1.4757548999924284
seg_d21066,1.4801381176487352
seg_d21eb6,1.9108842747767936
seg_d24095,1.8089088859867855
seg_d247da,1.7106775877514973
seg_d2551a,1.5496106763235153
seg_d26f7d,1.6624231396170868
seg_d27193,1.6260611264053584
seg_d27812,1.3931144060789236
seg_d29a4b,1.9232583262106466
seg_d2a533,1.8814309180042632
seg_d2ad9a,1.5411441530366718
seg_d2cb02,1.953871854251605
seg_d2db6b,2.224202165062387
seg_d2f588,1.7240194389960954
seg_d30a9d,1.6390464486527843
seg_d31583,2.316393514144367
seg_d320f5,1.7195680197707695
seg_d328bb,1.3685406525479875
seg_d32f71,1.8210942903050926
seg_d32f8a,1.8181562244868106
seg_d35274,1.8852407022127156
seg_d356ab,1.8468616404019724
seg_d35e50,1.2869397547589296
seg_d36055,2.1051788585336815
seg_d36342,1.3902929785199898
seg_d36681,1.586391912816374
seg_d36737,1.5182102940503288
seg_d37b05,1.5202001330360635
seg_d39131,1.8935521401999265
seg_d398df,1.5484842049740968
seg_d3992e,1.3377525549107743
seg_d3bb14,1.9426052033910675
seg_d3d8fc,1.4216940970575986
seg_d3f6b0,1.746708565813965
seg_d3f967,1.8308540735778607
seg_d40bb2,1.905578403595794
seg_d41daa,2.072859412637071
seg_d42c77,1.9141846537713763
seg_d44589,1.3298770196140184
seg_d47aba,1.3463502531270706
seg_d4c763,1.9598730524850576
seg_d4dec8,1.425111323446138
seg_d4ea17,1.7676718595179723
seg_d508db,2.0119655031120374
seg_d516e3,1.6781685113698868
seg_d56ae2,1.8617498687302636
seg_d56d32,2.194052074870847
seg_d59e4e,1.4243528325573285
seg_d5b100,1.562363320235585
seg_d5d3a1,1.4729915156889495
seg_d5dbc1,1.4376171750193842
seg_d5df41,2.284601412820766
seg_d5f344,1.6912240507133505
seg_d60d18,1.8494861673383407
seg_d62e9c,1.6136113105156862
seg_d63175,1.5829243155070967
seg_d661ce,1.832094024740845
seg_d668c0,1.6015283428794174
seg_d68930,1.4530565704717808
seg_d693b0,1.6340918064812615
seg_d6b198,1.8712125478464374
seg_d6b386,1.7622509246791342
seg_d6b546,1.569313540914558
seg_d6dad6,1.7724021450668703
seg_d6ea73,1.3988126919112092
seg_d702b2,1.9767669354829334
seg_d71352,1.764777940918839
seg_d740b2,1.5373424212635358
seg_d753f8,1.6867379710169157
seg_d78093,1.6595394082754722
seg_d78e7d,1.4673326090422818
seg_d795ab,1.6903667579546733
seg_d7967e,1.8148362044451096
seg_d7a805,1.8356395831077224
seg_d7ab50,1.382853544493367
seg_d7f015,2.143168875561244
seg_d7f53a,1.2725187165814187
seg_d8014d,1.3895141740291048
seg_d83890,1.707736125973804
seg_d85e2e,2.3022763759670704
seg_d86eb6,1.7330996823131297
seg_d88da7,1.910244098298121
seg_d89369,1.4179732881045857
seg_d90c5f,1.7169912472306161
seg_d91492,1.6693423375695433
seg_d9190c,1.4035766817715436
seg_d9352b,2.3655824324322947
seg_d962cc,1.589141449948742
seg_d9750c,1.9284131981531276
seg_d9a2bb,2.011576920479014
seg_d9b162,1.5829925378027696
seg_d9bb68,2.004922100881833
seg_d9ce67,1.1305199384972542
seg_d9d0e4,1.3952007456713056
seg_d9dab4,1.7105233360859724
seg_da21ee,1.5970447529790652
seg_da7c3b,1.4784706975989228
seg_da80c4,1.7715171572062407
seg_da8b88,1.757808885868866
seg_dab0f9,1.7032539303945766
seg_dad4f2,1.969763839650859
seg_db3446,2.0321542150393617
seg_db3a95,2.2269829965595256
seg_db3fbe,1.5963130962079637
seg_db4185,1.8504887389462943
seg_db606c,2.203443000048249
seg_db694a,2.0251226499720416
seg_db6d5f,1.6310754782583907
seg_db90c0,1.6035589189133805
seg_dbbb44,2.257347910290634
seg_dbc615,1.5831938168423276
seg_dbf3f2,1.413691653332655
seg_dc188b,2.0410139548148143
seg_dc1cf0,1.8488955734244044
seg_dc23c0,1.7998100819184428
seg_dc4698,1.908036575136328
seg_dc5e63,1.4111751642335757
seg_dc6e94,1.294667634946579
seg_dc73b8,1.1567881746464674
seg_dc7e0d,1.545114152739114
seg_dca2c2,1.425102436083692
seg_dcb51d,1.544414934748275
seg_dcbe02,1.9531665370164193
seg_dcd9df,0.8213978383874738
seg_dcee28,1.5078891585029317
seg_dceeca,1.798682559538972
seg_dcf242,1.3809209161335576
seg_dcfb4b,2.1003807401377736
seg_dd0b11,1.372349561415049
seg_dd4594,1.325583507772378
seg_dd699c,1.69238051949594
seg_dd780d,1.382144921003531
seg_dd8805,2.0324545775496077
seg_ddbadc,1.9921850963371783
seg_ddc800,1.9234752508476824
seg_ddd206,1.5197591515222864
seg_ddddf0,1.6252840855298694
seg_de225c,1.6455150748563407
seg_de3237,1.8076047616917719
seg_de3d5e,1.8277691405841128
seg_de4e1d,1.5650810404522844
seg_de8180,1.170274742840873
seg_de98fa,1.9810635628147115
seg_de9e32,2.3772673067334193
seg_df0df7,2.259233331944235
seg_df352f,1.867681048583615
seg_df45b0,1.6760255222915559
seg_df8385,1.339670368835219
seg_df8e0a,1.6296738367449493
seg_df99d4,1.7576129266115363
seg_dff078,1.655256698273957
seg_e00465,1.8677379116054171
seg_e051bc,1.3665437874204232
seg_e05de2,1.8788723097844793
seg_e067ab,1.514227715013119
seg_e09301,1.6784533213967001
seg_e0c329,2.2539106454241904
seg_e0ce38,2.0903318271034137
seg_e0cfd4,1.7001918236517002
seg_e0f296,1.9485949855193798
seg_e10d3b,2.1674462811726274
seg_e13bd8,1.277125587219222
seg_e14149,1.7236078312368275
seg_e1468f,2.3228030234226145
seg_e15cb9,1.6288599849960037
seg_e197b8,1.5620214829247974
seg_e1a9e0,2.139514626237755
seg_e1daa0,1.8276046821209775
seg_e1f045,1.5093605611823786
seg_e1f081,2.106789493495987
seg_e20d76,1.4151921233839488
seg_e217fc,2.0422607185866974
seg_e2209b,2.001199568063029
seg_e24496,1.5501724976821092
seg_e24f69,2.1041033312522117
seg_e256bd,1.6874639631044688
seg_e25aca,1.2596376483158664
seg_e266f4,1.5705024728023842
seg_e27c0a,2.116732702508638
seg_e29670,1.552045082581304
seg_e2b8b1,2.2651650148010654
seg_e2c82c,1.7803638478440817
seg_e3005e,1.28688687615365
seg_e30e44,1.8788001086123978
seg_e30ef5,1.8473910330237369
seg_e34052,1.4500537796441195
seg_e37b8e,1.55837796611651
seg_e3b1f1,2.292699065311577
seg_e3ca24,1.9539224024391335
seg_e3cf1a,1.5800567811082034
seg_e3d751,1.7475305352129855
seg_e3dafa,1.8071234857294387
seg_e3e762,2.1542033027723626
seg_e40348,1.7139649674026174
seg_e405fe,1.6137016395205384
seg_e40d64,2.3975877894106916
seg_e41fc9,1.4669747288630741
seg_e47d2b,1.3136002921375833
seg_e481c7,2.0798624588693984
seg_e48c23,1.8529014470375027
seg_e49750,1.4186399707466
seg_e4c15a,1.5530755341965006
seg_e4f203,1.6671124202745136
seg_e4f403,1.588344013242637
seg_e50f16,2.191829280516037
seg_e52f8c,1.5267239206023053
seg_e53a52,1.4919932737089456
seg_e54932,2.0208303796456204
seg_e5750a,1.5495302037843481
seg_e59dca,2.1786256969898328
seg_e5b510,1.657863811980224
seg_e5c033,1.8711912297779596
seg_e5deec,2.0021707642623374
seg_e5e238,1.7954344496950234
seg_e5f9ec,2.3204253950174403
seg_e5fbc1,1.5364480647784966
seg_e60719,1.9570494899847901
seg_e6307f,1.9730695167510102
seg_e64dfa,1.446505738033096
seg_e65e69,2.082952046869888
seg_e66697,1.5507768771184756
seg_e6b236,1.7551850749133477
seg_e6bd3f,1.6042944407288893
seg_e6c973,1.94688499387803
seg_e6e1df,1.6362708142907296
seg_e6e24e,1.844050279342289
seg_e71dda,1.4432499118109727
seg_e72f10,2.2341074864666295
seg_e742dc,1.7457503872330546
seg_e76e6e,1.3759581348299135
seg_e7ac12,2.1403512651661454
seg_e7ced6,2.3016651355975672
seg_e7d1f8,1.351452430712671
seg_e7d3e7,2.1256724944344954
seg_e80726,1.5491409216626775
seg_e81b50,1.548662744291263
seg_e8385f,1.7800441000412066
seg_e85f55,1.3621097563298135
seg_e86e44,1.8789909568767533
seg_e86ed1,1.6265729715039339
seg_e86f77,1.417897413769317
seg_e877a5,2.0294725686435746
seg_e8a2c4,2.121956298064715
seg_e8a4f4,1.729606546668022
seg_e8ac98,1.7576646610772635
seg_e8ad6b,1.6065486200705674
seg_e8b2b3,2.1713411812300096
seg_e8bcde,1.3200196856343593
seg_e8ce6a,1.118937799551398
seg_e8d02f,1.5196524138979894
seg_e90c0d,2.181495555769537
seg_e92526,1.3661267877013281
seg_e9272e,1.238799269207002
seg_e96140,1.6390798442731724
seg_e98217,1.3504385397782712
seg_e9a09f,1.0814267197504894
seg_e9aa44,2.0025150905568996
seg_e9df42,1.5473863226460478
seg_e9e65b,1.788863712147713
seg_ea0091,1.8271316662045125
seg_ea05c1,1.464766578546967
seg_ea096b,2.105309906974546
seg_ea098b,1.6780621058567713
seg_ea4d3a,1.8432308686780012
seg_ea78c0,1.3635007992797759
seg_ea8270,1.7180200445333857
seg_ea9d37,1.3843758070267203
seg_ea9fa4,1.6513974882757665
seg_eaa0ec,1.9076391302593299
seg_eabb2c,1.8601258222805643
seg_eacccf,1.680138842955305
seg_ead30e,1.6693608295527702
seg_eb0b19,2.113648986907331
seg_eb1d6e,1.51801702708894
seg_eb2e11,1.6851974489914694
seg_eb32bc,1.971383081583662
seg_eb47a9,1.6740476364440322
seg_eb692c,2.3309528303965745
seg_eb7595,2.2055404006562362
seg_eb7f91,1.9295614448111622
seg_eba22d,1.776996401292394
seg_ebb79f,1.565012117709075
seg_ebd77b,1.895718640750287
seg_ebe36c,1.4157858312130043
seg_ebec3e,1.4009251929943938
seg_ec0e7b,2.4462869242987435
seg_ec4645,1.4646180752338287
seg_ec73d5,1.398392664835417
seg_ec973c,1.6193559694019128
seg_eca2eb,1.404325048458997
seg_ecaef0,1.7471804910233661
seg_eccb17,1.826111539660489
seg_ecdca4,1.7411077575656861
seg_ecf28d,2.0887246922010667
seg_ecf81b,1.464050987592562
seg_ed07b0,1.4217681392193517
seg_ed3e4c,1.7733501223312484
seg_ed52ac,1.6028248212476666
seg_ed7741,1.7406751744198121
seg_ed7dee,1.1871429329831622
seg_ed7f69,1.2929188657066184
seg_edda79,1.5190452948634368
seg_edecaa,1.7444655111503795
seg_ee1cfc,2.255071569312558
seg_ee2781,1.4406699223653066
seg_ee4479,2.003676042270694
seg_ee4ae5,1.4821278836055036
seg_ee7224,1.3205960207264194
seg_ee87e2,1.2937163217872265
seg_ee8f87,2.244060434730837
seg_eea20e,1.5650124465303425
seg_eebbc2,1.3964986466368652
seg_eee89d,1.8210383018512788
seg_eefd4a,2.188636552365174
seg_ef24bd,1.7025678219710547
seg_ef27c8,2.0535443150381205
seg_ef47c4,2.021664293962166
seg_ef644a,2.149113208793748
seg_ef660a,1.624827874024178
seg_ef74dc,1.933467310240645
seg_ef779d,1.6643356825903073
seg_ef9105,1.6690620084573413
seg_efb639,2.2176726595107263
seg_efbf3e,1.3346797491802955
seg_efc5fb,1.649129423940721
seg_efd9ec,1.7348700014490532
seg_f003ca,1.4700810953659662
seg_f01368,2.1490518277462423
seg_f0181d,1.971053903302394
seg_f02d32,1.6268084703107657
seg_f056d8,1.8474969402925425
seg_f0574b,1.8180359753422222
seg_f073e2,1.7369043302507037
seg_f0ce4a,1.9301271901223669
seg_f0cedb,1.741979782163699
seg_f0d278,1.8806145552149571
seg_f0db55,1.6343286339545728
seg_f11620,1.7815712118947924
seg_f11f77,1.8283296490089957
seg_f165f6,1.7421780700733474
seg_f19f8e,1.7140250279726053
seg_f1a771,1.383675151778434
seg_f1b916,1.895599712331799
seg_f1f5b9,1.7799197701812632
seg_f21a22,1.4309516092265917
seg_f21bf4,2.1350576874887484
seg_f22163,1.6119190776478707
seg_f229bf,1.3327136821996108
seg_f24292,1.9002271414876009
seg_f2750c,1.4931381036806857
seg_f2a20d,1.3226106706795058
seg_f2ae5e,2.2136314454346095
seg_f2b0c5,1.342126709733546
seg_f2cb5e,1.446797927452225
seg_f2f5a3,2.1645378307472645
seg_f3063a,1.741656364924971
seg_f30b2f,2.183212351033525
seg_f30f0c,1.9624314541270054
seg_f322b1,2.011925009247789
seg_f342a3,1.355799220304912
seg_f34877,1.7583420505945893
seg_f383fb,1.9208575600878022
seg_f3c578,1.5295077385784648
seg_f43730,1.8188751278663342
seg_f43ab6,1.9869140860409162
seg_f455bc,1.8815459092759732
seg_f46cc1,1.6684206355898836
seg_f48363,1.6551602901641393
seg_f48db9,1.6333212281397276
seg_f4ad4b,1.8121435373151789
seg_f4d644,1.5480055476741728
seg_f52cdc,1.997401113044956
seg_f5406b,1.9035674615640734
seg_f579ba,1.4021330300640427
seg_f57ca1,2.0332496740283523
seg_f59974,1.9799424481134127
seg_f5a4ee,1.6711244399640426
seg_f5a6ab,1.7287368059980757
seg_f5d2dd,1.8572064217732671
seg_f5e682,1.7245277099147147
seg_f60872,1.7883480633884452
seg_f618a8,2.2933674354526636
seg_f61b0e,1.4862480314330795
seg_f639cd,1.9335466793974814
seg_f639ec,1.627385576628107
seg_f650cc,1.7436436224764607
seg_f6659e,1.9697649731122224
seg_f66db1,1.7986191670256413
seg_f679c6,1.409831206323671
seg_f67ce2,1.2317622208952177
seg_f6828d,1.5876669162967532
seg_f69c38,1.6035238582430495
seg_f6a217,1.6466754094384282
seg_f6abc5,1.6133791697929785
seg_f6b70c,2.3717973452679026
seg_f6bae8,1.8346126851143034
seg_f6c0cb,1.927669191924315
seg_f6c928,1.782266119463012
seg_f6cfd4,1.7296528303444616
seg_f6d51b,1.874499860644982
seg_f6e1ca,1.7642101764622642
seg_f6e89f,1.8340599037670908
seg_f6f523,1.9874782137642542
seg_f6f683,1.6883301995404392
seg_f7050a,1.3795052699832109
seg_f70b66,2.3133728315759123
seg_f71db8,1.6941545702789211
seg_f7290f,1.4750139702470486
seg_f734c8,2.3662221323168815
seg_f741af,1.2858259069996854
seg_f77ee5,1.406839129648429
seg_f7d792,1.163580860754963
seg_f7de40,2.037056689081174
seg_f80e44,1.5135326109486642
seg_f83d28,1.5095775906311169
seg_f865be,1.602067106924535
seg_f86c41,1.7311865665306183
seg_f88d4a,1.0277548804448344
seg_f8db0a,1.3029274415785657
seg_f8dd7e,1.7269165912379798
seg_f931de,2.1519475624583184
seg_f93ce5,1.1857742770911188
seg_f95fd3,1.6703359012002823
seg_f96d0e,1.6336476866034382
seg_f96d5a,1.7903301391459474
seg_f97274,1.4245541088564446
seg_f99b64,1.4287041224058623
seg_f9e4f2,1.6015043288694013
seg_f9eea3,2.1144049174827115
seg_fa0ac7,1.6767455493557684
seg_fa34c7,1.5731079098981626
seg_fa488e,1.3872734853276403
seg_fa4df0,1.9603841013631818
seg_fa6383,2.0237445365791586
seg_fa796b,1.31729580689416
seg_fa9f00,2.0067768235205086
seg_fad815,1.463959130222104
seg_fb00b3,1.564611180615358
seg_fb11ba,1.8313902024101152
seg_fb1f5c,2.157305592843482
seg_fb4c26,1.479451024259037
seg_fb74f0,2.198569684033884
seg_fb76ca,2.031020370768562
seg_fb8af5,1.745133016715341
seg_fb9491,1.5907989449124964
seg_fb9b2e,1.995912691557913
seg_fbce13,1.3295527016921191
seg_fbd66b,1.3228440034080673
seg_fbddb9,1.9553069703013053
seg_fbe3c2,1.7854262521590707
seg_fbf17a,1.8031219923680508
seg_fbff25,1.4359611272000972
seg_fc407c,1.4065163799504687
seg_fc57d4,1.6600375966162466
seg_fc8fd6,1.4831246909589215
seg_fcb7d0,2.0254636967127126
seg_fcca66,2.0332176974782112
seg_fcd32e,1.903590376615159
seg_fd19b8,2.1729006716764694
seg_fd374e,2.0561110783713907
seg_fd6340,1.4216067856968375
seg_fd8add,1.578820569553013
seg_fd9ac1,1.5123707781315558
seg_fdba93,1.9674052416407415
seg_fdc1d4,1.5808595440419084
seg_fdd50e,1.4012918660312272
seg_fde767,1.6261528709523008
seg_fde86d,1.99091394357279
seg_fdff11,1.6443042884439838
seg_fe2aac,1.5368374284839914
seg_fe5945,1.4944748128106935
seg_fe70c0,2.0912296280031324
seg_fe73b1,2.133593570673721
seg_fe86f5,1.475577019995385
seg_fea3e2,1.642019754012395
seg_feb312,1.6255159137963546
seg_fedbd1,1.6698835299225496
seg_ff0f1b,1.5638679761661698
seg_ff1a62,1.7987397955566753
seg_ff2f2d,1.4409729457606015
seg_ff4236,1.6474079697271866
seg_ff7478,1.8065382382410484
seg_ff79d9,1.9064403345965364
seg_ffbd6a,1.7707563556001575
seg_ffe7cc,1.4639475112912033
